id,age,statut,bac_serie,cible,niveau_agronomie,niveau_algorithme,niveau_algèbre,niveau_analyse,niveau_analyse_mathématique,niveau_anglais,niveau_assainissement,niveau_autocad,niveau_bactériologie,niveau_base_de_données,niveau_biochimie,niveau_biologie_animale,niveau_biologie_cellulaire,niveau_botanique,niveau_chimie,niveau_comptabilité,niveau_dessin,niveau_droit,niveau_ecologie,niveau_economie,niveau_econométrie,niveau_electricité,niveau_electronique,niveau_environnement,niveau_enzymologie,niveau_finance_publique,niveau_fiscalité,niveau_français,niveau_génétique,niveau_géologie,niveau_html_css,niveau_hydraulique,niveau_hygiène,niveau_industries_pharmaceutiques,niveau_informatique,niveau_informatique_scientifique,niveau_langage_c,niveau_logique,niveau_macroéconomie_microéconomie,niveau_maintenance,niveau_marketing,niveau_mathématique_discrète,niveau_mathématique_financière,niveau_mathématiques,niveau_musique,niveau_mécanique,niveau_nutrition_humaine,niveau_organisation_dentreprise,niveau_ouvrages_métalliques,niveau_pharmacologie,niveau_physiologie_animale,niveau_physiologie_végétale,niveau_physique,niveau_probabilité_statistique,niveau_pétrologie,niveau_science_des_aliments,niveau_sites_touristiques,niveau_statistiques_appliquée,niveau_structure_de_données,niveau_structure_des_ordinateurs,niveau_technique_bancaire,niveau_thermodynamique,niveau_thermophysique,niveau_virologie,niveau_zootechnie,travail_equipe,autonomie,analyse_synthese,creativite,gestion_projet,environnement,secteur,filiere_nom
1,18,1,1,3,1,5,3,3,5,3,1,3,2,3,1,1,1,1,3,3,1,3,1,3,3,3,3,2,1,2,3,4,1,1,5,2,2,2,1,3,4,1,4,2,1,4,2,3,2,1,3,2,3,1,2,1,3,2,3,3,2,4,5,1,1,3,1,2,1,0,0,1,1,1,3,5,ISAIA
2,29,0,3,5,3,3,3,1,3,5,1,3,3,1,1,2,2,2,3,4,3,5,1,4,1,2,2,2,1,4,3,5,2,1,3,2,2,3,2,1,2,1,1,3,5,3,3,2,3,2,2,4,1,3,2,1,1,1,1,3,1,3,2,3,4,2,2,3,2,1,0,0,1,1,0,6,FIC
3,32,0,3,5,3,2,3,1,3,3,3,2,3,3,3,1,1,2,1,4,3,5,2,4,1,2,2,1,1,4,3,3,1,3,2,1,3,1,1,3,2,3,1,2,5,1,3,3,3,1,3,5,2,3,3,2,2,3,2,1,1,1,1,2,4,3,3,1,3,0,0,0,0,0,0,0,FIC
4,20,0,1,10,2,1,3,4,3,5,3,2,4,2,5,4,4,1,5,2,2,2,2,3,1,3,3,3,4,1,2,5,5,1,1,1,1,5,3,2,1,2,2,1,1,2,3,1,1,3,3,1,1,4,4,5,2,2,1,2,1,1,2,1,2,5,2,5,2,1,0,0,1,0,5,9,PIP
5,41,0,0,1,2,5,5,1,3,3,1,1,1,5,1,3,1,2,1,3,1,3,3,1,3,1,2,3,3,3,3,4,2,1,5,3,2,1,2,4,3,3,3,2,2,4,1,1,5,3,3,1,1,3,1,3,2,4,2,1,1,2,4,1,2,3,3,2,3,0,1,0,0,1,0,1,IMTICIA
6,26,0,1,4,2,1,3,3,2,5,2,2,1,1,3,2,2,1,1,5,1,5,1,5,3,3,2,3,1,4,4,5,1,3,1,2,3,3,1,2,1,1,2,2,4,2,1,3,1,3,1,5,3,2,3,3,1,1,1,1,2,1,1,3,5,2,3,3,1,1,0,0,1,0,4,3,CAA
7,44,1,1,6,1,1,1,3,1,4,2,2,1,2,2,3,3,2,3,3,2,4,1,5,1,3,2,1,1,5,5,5,2,2,3,3,1,2,3,1,2,4,3,2,4,3,3,3,3,3,3,4,2,2,1,3,2,3,2,3,1,3,2,3,2,3,2,2,2,1,0,0,1,1,4,14,DTJA
8,37,0,2,5,1,2,2,1,2,5,3,3,2,2,2,2,3,1,3,5,3,4,3,4,2,3,3,3,3,5,1,3,3,2,1,1,1,1,1,1,2,3,1,2,5,3,3,1,3,3,2,5,2,1,1,3,3,1,1,2,1,1,3,3,5,1,3,1,1,1,0,1,1,1,3,11,FIC
9,31,1,2,16,1,3,2,2,2,3,3,2,3,2,3,1,2,5,1,3,2,1,5,4,2,3,1,4,1,1,2,5,1,3,1,1,5,2,2,3,2,2,1,1,5,2,3,3,1,3,5,5,1,2,2,2,2,3,3,4,5,1,2,2,2,1,2,2,3,1,0,1,0,0,5,9,TEH
10,20,0,0,0,2,3,3,2,4,2,1,2,2,4,2,2,2,2,1,5,1,3,3,1,2,1,3,1,3,1,1,3,1,1,5,1,1,1,2,5,3,3,1,2,3,4,5,1,3,3,3,4,1,2,1,3,1,5,3,3,2,2,5,1,1,3,3,3,1,0,1,0,0,1,3,10,IGGLIA
11,20,0,1,11,5,2,1,5,2,5,2,3,4,2,4,5,5,2,5,3,3,2,2,1,1,2,2,1,5,3,3,5,5,2,1,2,2,1,4,1,2,2,2,2,3,3,2,3,1,3,1,1,1,3,5,5,3,1,3,2,3,3,2,2,1,4,2,4,5,0,1,1,1,1,2,11,AEE
12,29,1,1,10,2,1,1,4,2,3,3,3,4,1,4,5,5,3,5,1,1,2,1,2,1,2,1,3,4,2,1,3,5,3,1,3,2,4,3,3,2,2,2,2,2,1,1,2,2,1,1,2,2,4,4,4,1,3,2,1,1,1,3,2,3,4,3,5,2,1,1,1,1,0,3,11,PIP
13,42,0,1,3,3,3,3,1,3,3,1,1,1,4,2,3,3,2,2,1,1,2,3,2,3,2,1,3,1,2,3,5,3,1,4,1,3,1,3,3,4,1,4,1,1,4,3,3,3,2,2,1,2,3,2,3,2,2,3,3,2,5,3,3,1,2,3,2,3,1,0,0,0,0,5,10,ISAIA
14,36,0,4,8,2,3,3,5,2,3,3,2,5,1,5,5,5,2,5,3,1,1,2,2,3,2,2,3,5,3,1,4,4,2,2,2,1,2,5,1,3,3,2,2,1,1,3,2,3,2,3,2,1,1,5,4,2,2,3,2,1,1,3,3,1,4,2,4,3,1,0,0,0,1,5,10,BIO
15,33,1,1,4,3,2,2,2,2,3,2,3,1,2,1,3,3,3,1,4,2,5,2,5,1,2,3,2,3,5,4,4,3,2,2,2,3,3,2,2,2,1,3,1,5,1,2,1,2,3,2,5,2,3,3,1,2,1,1,3,3,2,1,2,4,3,2,1,3,0,1,0,0,1,4,4,CAA
16,37,0,3,10,2,3,3,5,2,5,3,2,4,3,4,4,5,1,4,2,1,3,3,1,2,1,3,2,4,1,2,3,5,2,2,2,1,4,5,2,3,3,1,1,1,1,3,2,3,3,1,2,3,4,4,5,3,2,2,2,3,1,2,2,3,4,1,5,2,1,1,1,1,1,0,6,PIP
17,21,0,3,15,3,2,3,2,1,5,2,2,1,3,3,3,1,5,2,1,3,2,4,5,1,3,2,4,3,1,3,5,1,2,2,1,3,2,3,1,1,2,2,3,5,1,1,1,3,2,3,3,2,1,2,2,2,3,2,1,5,1,1,1,3,3,3,2,3,1,0,1,0,1,3,7,TEE
18,39,1,1,11,5,3,2,4,3,3,2,1,5,3,4,4,5,3,5,3,2,1,1,1,1,2,2,1,4,1,3,3,5,2,2,3,3,3,5,2,3,3,3,1,2,3,1,2,3,2,2,1,3,2,4,5,2,1,2,1,3,2,3,3,2,4,2,5,4,0,1,0,0,0,0,5,AEE
19,22,1,1,7,3,1,3,1,1,4,1,3,1,2,1,1,3,2,1,4,3,4,1,1,5,1,3,2,1,4,2,3,1,3,2,3,1,3,1,2,2,2,4,2,4,3,1,3,3,3,2,5,3,1,1,2,2,2,3,1,2,3,2,1,4,2,3,1,1,0,1,1,1,1,2,9,EMP
20,21,1,0,13,3,3,3,3,1,4,5,4,2,2,2,2,2,3,1,2,5,2,3,2,2,1,3,2,1,1,1,3,2,4,3,5,1,3,1,3,3,3,2,3,1,2,2,5,2,3,1,2,5,2,1,3,5,1,1,3,2,1,1,2,3,5,1,2,3,0,1,0,1,0,0,11,GCA
21,28,0,1,9,1,3,3,5,1,3,3,3,4,1,4,5,5,2,5,1,2,2,3,2,3,3,1,1,4,1,3,3,4,2,2,3,2,2,5,2,2,2,1,3,1,2,2,1,2,3,3,3,2,3,5,4,1,2,3,4,1,1,2,1,1,5,2,5,1,0,1,1,0,0,2,11,IAA
22,34,0,3,7,2,1,2,3,1,4,1,2,1,2,3,2,3,2,3,5,2,4,2,1,5,1,3,2,3,5,1,4,1,1,2,3,2,3,1,2,2,3,5,1,5,1,1,3,3,1,3,4,2,2,3,3,1,1,1,1,2,1,1,3,4,3,1,1,3,1,1,1,1,1,0,1,EMP
23,32,0,4,15,3,1,2,3,1,4,2,2,1,1,2,2,1,4,3,3,3,2,5,5,3,3,1,5,3,3,1,4,3,2,3,1,1,2,1,2,3,1,3,3,4,1,1,3,2,2,3,3,3,1,2,2,2,2,2,2,4,3,3,2,1,2,1,3,3,1,1,1,0,1,0,10,TEE
24,29,0,3,4,3,2,1,3,3,3,2,3,2,3,2,1,3,3,3,4,3,5,3,5,1,2,2,1,1,5,5,3,1,1,1,1,2,1,3,3,3,3,1,3,5,3,1,3,2,1,1,4,3,3,1,3,2,1,2,2,3,3,1,2,5,3,2,1,3,0,1,1,0,1,4,9,CAA
25,32,1,4,14,3,3,2,1,1,5,1,5,1,3,2,2,3,1,4,2,1,1,2,2,3,4,2,1,1,2,2,3,2,1,2,3,2,1,2,1,2,1,1,2,1,3,3,4,1,1,1,2,2,3,1,3,4,2,4,1,1,2,1,1,3,3,5,1,2,0,1,0,0,0,2,12,ICMP
26,20,0,5,14,3,3,1,3,3,5,1,4,2,2,1,3,2,1,5,1,3,3,1,3,2,4,3,3,3,3,3,3,2,2,1,3,2,2,2,3,1,2,1,2,1,3,3,5,1,3,3,2,1,1,2,3,4,3,4,3,2,3,2,3,1,1,4,3,2,0,1,0,0,0,4,5,ICMP
27,34,0,4,9,2,2,1,4,2,4,1,3,5,2,4,5,5,2,5,2,2,1,2,3,2,2,3,2,4,3,2,3,5,3,1,3,2,2,3,1,2,3,2,2,2,3,3,2,1,3,2,2,2,1,5,5,2,3,1,4,3,3,2,2,3,4,1,4,3,1,0,0,0,0,4,5,IAA
28,30,1,0,11,4,3,2,5,2,4,1,3,4,3,5,5,5,3,5,1,1,1,3,1,2,3,2,3,4,2,2,5,5,1,3,2,3,2,3,1,1,1,2,1,3,2,1,3,2,3,2,3,1,3,5,5,1,3,3,3,3,1,2,3,1,4,1,4,4,1,0,1,1,1,4,8,AEE
29,37,1,0,4,2,3,3,2,3,4,2,3,1,1,2,3,1,2,2,5,1,4,1,5,3,1,1,3,1,5,4,3,2,3,1,2,3,2,1,2,1,3,3,2,4,3,2,3,3,1,3,4,3,3,1,1,3,3,3,3,2,3,1,1,4,1,3,3,2,0,1,0,1,1,3,4,CAA
30,25,1,3,15,2,2,1,3,1,3,2,2,2,2,1,2,3,4,2,3,2,3,5,4,1,2,3,4,2,1,2,3,2,2,1,1,1,1,2,2,3,2,1,1,5,3,3,2,1,1,2,3,2,2,2,2,1,1,2,3,5,1,1,3,2,1,1,2,2,1,1,0,0,1,0,4,TEE
31,42,0,0,11,4,3,3,4,2,5,2,1,5,3,5,5,4,1,4,2,2,2,3,2,1,1,3,3,5,3,1,3,4,1,3,2,2,3,4,1,3,3,1,2,3,2,1,2,3,3,2,3,2,3,5,5,2,1,2,2,3,1,2,3,2,4,3,5,5,0,0,1,0,1,0,10,AEE
32,19,0,3,7,1,1,2,2,2,3,2,3,1,2,3,3,2,3,3,4,3,4,3,1,5,3,2,3,2,5,1,4,3,2,3,2,3,3,3,3,3,2,5,1,4,2,3,2,1,2,2,4,3,3,2,2,2,2,3,3,2,2,1,3,5,2,2,1,2,0,1,0,1,1,4,11,EMP
33,24,0,2,15,3,3,2,1,1,5,3,3,1,1,1,3,3,4,3,1,1,1,5,4,3,2,1,4,1,3,1,4,3,2,2,3,1,2,2,2,3,1,1,3,4,3,3,3,1,1,2,1,1,2,2,1,3,2,1,1,5,3,3,1,2,2,2,3,3,1,0,1,1,0,4,5,TEE
34,41,0,1,5,1,1,3,2,2,5,3,1,1,3,3,2,2,3,2,4,2,4,1,4,2,2,1,1,2,5,1,4,2,2,2,3,3,3,1,2,3,2,3,1,4,3,1,2,2,1,2,5,3,1,3,2,2,3,1,1,1,2,1,2,5,2,3,3,2,0,0,0,1,1,0,9,FIC
35,19,1,5,3,1,5,5,1,3,2,3,2,1,5,1,3,3,2,1,3,2,1,2,1,3,2,2,3,1,3,2,5,2,3,3,2,2,1,3,3,5,1,4,2,2,5,1,3,1,1,2,1,2,2,1,1,3,3,3,2,2,5,4,2,2,1,3,3,3,0,1,0,0,1,3,11,ISAIA
36,44,0,0,7,2,2,3,3,3,4,3,2,1,1,2,2,1,2,1,4,1,5,3,1,4,1,1,1,3,4,2,5,3,3,1,1,3,1,2,2,1,3,4,1,4,3,2,1,3,3,2,5,1,2,1,3,3,1,2,2,2,1,3,3,4,3,3,2,3,1,0,1,1,1,4,6,EMP
37,27,0,4,4,2,1,1,2,3,3,2,1,3,2,2,3,3,1,2,4,2,4,2,4,2,2,1,3,3,4,4,4,2,3,3,3,1,1,1,3,3,3,3,1,5,1,2,2,1,1,1,4,3,2,1,3,3,3,1,2,1,3,2,2,5,2,3,3,2,1,1,1,1,1,0,11,CAA
38,42,1,5,15,2,2,2,1,3,3,3,1,1,2,3,3,3,5,2,1,1,2,4,4,3,1,2,5,2,2,3,5,3,2,2,1,3,2,1,1,3,3,2,1,4,3,1,1,3,1,1,2,1,3,1,1,3,1,1,1,5,2,1,3,3,3,3,2,3,1,0,0,1,0,0,11,TEE
39,35,1,0,8,3,3,2,4,1,3,3,1,4,1,5,5,5,2,4,2,2,2,3,1,3,1,2,3,4,3,3,3,4,2,2,2,3,2,3,3,1,3,1,1,2,2,3,2,3,1,3,1,1,1,5,5,1,1,3,2,3,3,3,1,1,5,1,4,3,0,1,0,1,0,3,9,BIO
40,39,1,1,12,3,1,3,3,1,5,3,5,1,1,2,1,1,2,3,3,5,2,1,3,2,5,5,1,2,3,2,4,1,3,3,3,2,1,3,2,1,3,1,4,2,1,2,5,3,4,3,2,5,2,1,1,3,2,2,2,2,1,1,1,1,5,2,3,3,1,0,0,0,1,3,9,EMII
41,45,0,1,10,2,1,3,4,3,5,1,3,5,1,4,5,5,2,5,1,1,1,2,2,2,2,2,1,5,2,1,5,5,3,3,1,2,4,3,2,1,2,2,3,2,2,2,2,2,3,3,1,2,5,4,5,2,1,2,2,2,3,3,3,2,4,2,5,2,1,1,0,0,0,4,8,PIP
42,41,0,3,0,2,4,5,1,4,3,2,1,3,4,1,2,3,1,3,5,2,1,2,3,2,3,2,3,3,3,2,5,1,2,5,3,3,3,1,3,3,3,3,2,1,5,4,3,3,3,3,5,2,2,1,1,1,5,1,3,3,3,5,3,3,3,1,2,2,1,1,0,1,0,2,4,IGGLIA
43,20,0,6,13,1,2,2,2,2,3,5,5,2,1,2,3,3,2,2,1,5,1,3,1,1,2,3,1,3,1,3,3,3,4,3,4,2,3,2,2,1,2,3,1,1,3,3,4,2,1,3,3,4,2,3,2,4,1,3,1,1,2,3,1,3,4,3,1,2,1,0,1,0,1,4,7,GCA
44,38,0,1,16,2,3,1,2,2,4,3,1,3,3,2,3,3,4,3,1,2,1,4,4,1,1,2,4,3,2,2,5,1,3,2,2,4,2,3,3,3,3,1,3,4,2,2,1,1,2,5,4,2,1,2,1,1,2,3,5,5,3,2,2,3,2,2,1,1,0,0,1,0,1,1,4,TEH
45,42,0,3,5,2,3,3,1,3,3,2,3,2,3,1,3,2,3,1,5,1,4,2,4,2,2,2,1,2,4,1,3,3,3,3,2,3,3,3,2,1,3,1,1,4,1,3,2,3,2,3,4,2,3,2,2,3,2,3,3,1,1,2,1,5,3,1,3,1,0,0,1,0,1,2,9,FIC
46,38,0,2,8,3,1,2,5,3,4,2,2,5,3,4,4,5,3,5,1,3,2,1,2,1,2,2,2,5,2,3,5,4,3,2,2,3,1,3,1,3,2,1,1,1,2,2,1,2,1,3,1,3,2,4,5,1,3,2,2,1,2,3,3,1,4,2,5,3,0,1,0,0,0,1,1,BIO
47,36,0,3,4,1,1,3,2,1,4,3,1,2,1,1,2,1,3,1,4,2,5,2,4,2,1,3,3,1,4,4,5,3,1,2,2,3,1,3,3,1,2,3,3,5,1,1,1,1,1,3,5,2,2,2,1,1,2,3,1,1,3,3,3,5,3,1,3,2,0,0,1,1,0,4,12,CAA
48,33,0,1,7,3,3,1,3,1,4,2,1,2,3,2,2,3,3,1,5,1,4,3,1,4,2,1,1,1,5,3,4,3,3,3,2,2,3,2,1,3,3,4,2,4,2,1,3,1,1,3,5,2,3,3,3,3,3,1,2,3,2,3,1,4,1,1,2,1,1,0,1,0,0,0,2,EMP
49,23,0,1,0,3,5,4,1,4,1,3,2,3,3,1,2,2,2,3,4,2,3,3,3,1,2,2,3,2,1,2,5,1,2,3,2,1,3,3,5,3,1,3,3,1,3,4,1,1,2,2,5,1,1,1,3,3,5,1,2,1,2,5,2,2,1,3,2,1,0,0,0,0,1,0,7,IGGLIA
50,42,1,1,9,3,2,1,5,1,4,3,2,4,2,5,5,4,3,4,1,1,2,1,1,3,2,3,3,4,2,1,5,5,3,3,2,1,1,5,1,2,2,1,1,3,2,1,1,1,3,2,3,2,2,4,4,3,1,3,5,1,3,3,1,2,4,1,5,2,1,1,1,1,1,1,1,IAA
51,22,1,3,6,1,1,1,2,2,4,2,1,3,2,1,2,2,2,2,1,1,4,3,5,3,3,3,1,1,5,4,3,3,1,2,2,3,1,3,2,2,4,1,2,5,3,3,3,1,1,2,4,1,1,1,1,1,1,1,2,2,3,3,3,1,3,3,2,1,0,0,0,1,0,0,13,DTJA
52,21,0,2,10,1,3,2,5,2,3,2,3,5,1,5,4,4,2,5,2,1,1,3,3,3,1,3,2,5,2,3,4,4,1,2,2,1,5,3,3,3,1,3,3,1,2,3,2,2,3,2,2,3,5,5,5,1,1,2,3,1,1,2,1,2,5,3,4,1,0,0,0,1,0,4,3,PIP
53,29,1,6,12,1,1,1,3,2,5,3,5,3,1,3,3,2,3,3,1,4,2,3,2,1,5,4,1,1,1,3,3,1,3,2,1,2,3,1,1,2,3,1,5,1,1,1,5,3,4,1,3,5,1,2,3,5,2,3,1,2,2,2,1,1,5,3,2,3,1,0,1,0,0,2,11,EMII
54,22,0,0,9,3,3,2,4,1,5,2,3,4,3,4,5,4,2,4,1,2,2,1,3,1,3,3,3,5,2,1,4,4,1,3,1,2,2,3,3,1,1,2,2,3,2,1,2,2,2,2,3,2,1,5,4,1,2,1,4,2,1,2,2,1,4,2,4,2,0,0,0,1,1,4,6,IAA
55,37,1,1,5,1,2,1,1,2,5,3,3,3,3,2,3,2,2,1,4,1,5,3,5,1,1,2,1,2,4,2,5,3,3,2,1,1,1,1,1,3,2,1,2,4,2,2,2,2,3,2,4,3,3,2,1,2,2,2,1,2,1,2,2,5,2,1,2,3,0,0,0,0,1,4,6,FIC
56,35,0,1,7,3,2,3,3,2,5,1,2,2,1,2,3,1,3,3,4,1,5,1,1,4,1,1,1,2,4,3,4,1,3,1,3,2,2,3,1,1,2,5,3,5,2,3,2,1,3,3,5,1,2,1,1,3,3,3,1,1,3,1,2,5,2,2,2,3,1,1,0,0,1,2,9,EMP
57,19,0,5,12,3,1,1,3,2,4,2,4,2,2,2,2,2,3,3,1,4,1,2,3,2,5,5,3,2,3,3,3,1,2,1,2,3,2,3,2,1,3,1,4,2,3,3,4,1,4,1,1,4,1,1,1,4,1,2,3,1,2,2,2,3,5,3,1,3,0,0,1,1,1,0,13,EMII
58,36,0,1,15,2,3,3,1,2,3,2,1,1,3,1,1,3,4,3,1,2,3,5,5,1,3,1,5,1,3,1,5,1,1,2,3,2,3,3,3,2,2,2,2,5,2,1,2,2,3,3,3,2,3,1,1,3,3,2,3,5,2,3,1,2,1,2,2,3,1,1,1,1,0,0,12,TEE
59,19,1,4,7,3,2,3,2,3,3,3,1,3,2,2,2,2,2,2,4,3,4,2,3,4,3,3,3,2,5,3,4,1,3,3,1,2,1,2,1,3,2,4,3,5,3,1,1,2,1,3,5,2,2,2,2,3,2,2,1,2,1,3,3,4,2,1,3,1,1,1,1,0,0,0,3,EMP
60,31,1,5,10,2,1,2,4,1,4,2,3,4,2,4,4,5,2,4,1,3,1,2,1,1,3,2,3,5,2,2,4,5,1,1,3,1,5,3,2,3,1,1,3,1,3,3,1,1,3,2,2,1,4,5,5,1,1,1,2,2,2,3,3,3,5,2,4,2,1,1,0,0,1,0,3,PIP
61,24,1,3,4,1,1,2,3,3,3,2,3,2,3,3,1,3,1,3,4,3,4,1,4,2,2,2,1,3,5,5,5,1,1,3,3,3,1,2,2,3,1,3,3,5,3,3,3,1,2,1,4,2,1,1,2,1,3,1,2,3,1,2,3,5,2,1,1,3,1,0,1,1,0,0,10,CAA
62,21,1,3,2,1,3,5,1,5,3,1,2,3,3,2,2,2,2,1,1,1,1,2,2,3,2,5,3,1,1,1,3,1,3,5,1,2,2,2,5,4,3,1,2,2,3,1,2,2,2,2,2,3,2,2,3,1,4,1,3,3,1,3,4,2,3,2,3,3,1,0,1,1,0,4,14,ESIIA
63,33,1,0,4,2,2,1,1,2,5,2,1,3,3,3,3,3,3,3,4,3,5,3,4,2,3,3,1,2,5,5,3,3,3,1,1,3,1,3,2,2,1,1,2,5,1,2,2,1,3,1,5,2,1,1,2,2,3,2,1,2,2,2,1,5,3,3,1,1,1,1,0,0,0,4,9,CAA
64,34,0,3,9,2,2,2,4,1,4,2,3,5,3,5,5,4,1,4,1,2,2,3,2,3,3,2,3,4,1,1,4,4,3,3,3,2,1,4,3,1,1,1,2,1,2,1,3,2,1,2,1,3,3,4,5,2,3,3,4,2,1,3,3,1,5,3,5,3,0,0,0,0,1,4,9,IAA
65,34,1,2,10,3,3,1,5,2,4,2,2,4,1,5,5,5,3,4,1,1,3,3,2,3,2,3,1,4,3,3,5,5,3,1,2,3,5,5,3,3,3,2,3,3,3,2,2,1,3,1,1,2,4,4,4,1,2,1,2,3,2,1,1,3,5,1,4,2,1,0,0,1,0,3,12,PIP
66,40,0,5,9,2,2,3,5,3,3,1,3,5,1,5,4,5,3,4,3,1,2,2,1,3,1,1,1,4,2,1,4,5,3,2,1,1,3,4,1,2,2,3,1,1,1,2,3,1,3,3,3,2,2,5,4,3,2,3,4,1,3,1,3,1,5,3,5,1,1,0,0,1,1,2,3,IAA
67,33,1,4,16,3,1,1,3,2,4,1,3,3,3,1,1,3,5,2,1,2,2,5,3,3,2,3,5,2,1,2,5,1,2,3,1,4,1,3,3,1,3,1,1,4,3,2,1,1,3,5,4,3,3,1,1,2,3,2,4,4,1,1,1,2,3,1,3,1,1,1,1,1,1,2,0,TEH
68,39,0,0,12,3,3,1,3,3,3,3,4,2,3,1,2,3,2,3,1,5,2,2,2,3,4,5,1,3,1,1,5,2,3,2,3,1,2,3,3,3,2,1,4,1,1,1,5,3,5,3,3,4,2,1,3,5,3,2,1,2,3,3,1,1,4,1,3,2,0,0,0,0,1,3,1,EMII
69,39,0,0,9,3,3,2,5,2,3,3,3,4,1,5,4,4,2,5,2,2,3,3,2,3,3,1,3,5,2,2,3,4,2,1,1,3,3,5,2,2,2,1,3,3,2,2,2,2,2,2,2,3,1,4,4,2,1,3,4,2,3,3,1,3,4,1,4,3,1,0,0,1,1,4,2,IAA
70,30,0,4,11,5,1,2,4,2,4,3,1,4,3,4,4,5,1,4,3,3,3,1,3,3,2,2,1,4,2,1,3,5,2,1,1,3,1,5,2,2,2,2,1,1,3,2,1,3,3,3,2,3,2,4,5,3,2,2,3,3,1,3,2,2,4,3,5,5,1,1,1,0,0,2,3,AEE
71,34,0,1,2,1,3,4,3,5,1,3,1,2,4,3,1,2,3,2,2,1,3,1,3,2,1,4,1,1,3,3,3,1,3,5,1,3,1,1,3,4,1,3,2,3,5,3,1,3,3,3,2,1,1,2,3,2,5,1,1,2,3,3,4,3,3,3,2,1,1,1,0,0,1,2,1,ESIIA
72,24,0,5,0,3,4,3,3,3,1,2,3,3,3,3,3,1,1,2,4,3,3,1,3,3,2,3,2,2,1,3,5,2,1,4,2,2,3,3,5,5,1,2,1,2,4,4,1,2,3,3,5,2,1,1,3,3,4,3,3,1,3,3,2,3,1,3,2,2,1,0,0,1,1,1,8,IGGLIA
73,36,0,1,13,3,2,1,2,3,5,5,4,2,3,3,2,2,2,3,2,5,3,1,3,1,3,1,2,3,1,1,3,3,5,2,4,1,2,3,1,1,1,2,3,2,1,1,4,1,2,1,3,4,3,2,2,5,3,3,2,3,3,1,1,3,5,2,1,1,1,0,0,0,0,4,5,GCA
74,38,0,1,7,2,2,2,3,2,4,3,1,3,1,3,3,1,1,3,5,3,5,2,2,4,3,1,2,2,4,2,3,2,3,1,3,1,3,2,2,1,3,5,3,5,3,2,2,3,2,1,5,2,3,2,3,1,2,1,2,1,2,3,1,4,2,2,2,3,0,1,0,1,0,2,11,EMP
75,20,0,1,10,2,2,1,5,1,5,3,1,5,3,4,4,4,2,4,1,1,1,3,2,1,1,1,1,5,3,1,5,4,2,2,3,2,5,5,2,2,1,3,2,2,1,3,1,1,3,2,2,3,4,5,5,3,1,2,1,3,3,2,2,3,4,1,4,2,0,1,1,1,0,3,3,PIP
76,33,1,1,8,1,2,2,4,2,5,2,2,5,2,5,4,4,3,4,1,3,2,1,3,2,2,1,1,4,2,1,3,5,2,1,3,3,3,5,2,2,2,2,3,3,1,2,1,3,1,1,1,2,2,4,5,3,2,2,2,2,3,3,2,2,4,2,4,2,0,0,1,1,1,4,7,BIO
77,20,0,1,14,3,1,1,3,2,4,3,5,1,1,1,2,1,2,5,3,2,3,2,3,3,5,2,2,2,3,3,5,2,2,1,1,1,1,3,1,3,2,3,3,3,1,1,3,2,1,1,1,2,3,1,1,4,3,4,1,2,3,1,1,3,2,5,1,1,1,1,0,0,0,0,10,ICMP
78,45,1,5,11,5,3,2,5,1,5,3,1,5,3,5,5,5,2,4,1,2,2,2,2,2,1,2,1,4,3,1,4,5,2,3,1,3,2,4,2,1,2,2,3,1,1,3,2,1,2,3,2,2,1,4,5,2,1,2,1,2,3,1,3,3,5,2,5,5,0,0,0,0,1,0,7,AEE
79,26,1,2,14,2,1,1,1,3,3,1,4,2,2,1,3,2,3,4,1,1,1,1,2,1,5,2,2,2,2,2,5,1,2,1,1,1,2,2,1,3,2,1,1,2,2,1,3,3,1,2,2,1,3,1,1,4,3,4,3,3,1,2,2,3,2,5,1,3,0,0,1,1,1,0,14,ICMP
80,45,0,6,1,1,5,4,2,3,1,2,3,1,4,1,1,1,3,3,2,3,3,1,2,1,1,1,2,1,3,3,4,3,1,3,2,3,1,3,5,3,1,2,1,2,5,3,2,5,3,1,1,3,2,2,3,1,5,1,2,3,2,5,2,3,3,2,1,3,0,1,1,1,1,4,9,IMTICIA
81,20,0,2,5,2,3,2,2,1,5,3,2,3,1,1,3,2,3,1,5,3,4,3,5,1,3,3,2,3,4,3,4,2,2,3,2,1,1,3,3,1,1,1,1,4,1,1,2,1,1,1,5,3,2,3,3,3,3,2,1,2,1,3,3,4,1,1,3,2,0,1,0,1,1,4,12,FIC
82,44,0,2,1,3,3,4,1,3,3,1,1,3,3,3,2,1,1,3,3,1,3,3,1,3,3,3,2,3,1,3,5,2,3,4,3,3,2,1,3,3,3,2,3,2,5,1,3,5,2,2,3,2,2,2,3,2,5,3,1,3,3,3,2,3,3,2,2,2,1,1,0,0,1,3,8,IMTICIA
83,27,0,6,4,1,2,1,3,2,5,3,3,3,3,1,1,1,2,2,4,1,5,2,4,1,2,2,1,3,5,4,5,1,3,2,2,1,2,3,3,3,1,3,3,5,1,3,3,2,1,1,5,2,2,2,1,1,3,3,3,1,3,3,2,4,2,3,1,2,0,1,0,0,0,4,6,CAA
84,42,0,2,14,1,2,2,2,1,3,2,4,2,3,3,1,3,2,5,1,2,3,2,3,1,4,2,3,1,2,2,5,3,1,3,3,3,3,1,1,1,2,2,2,3,3,1,3,3,2,2,2,2,1,2,2,5,3,4,2,1,2,3,2,3,1,5,1,1,0,1,0,0,0,4,3,ICMP
85,45,1,1,4,2,3,1,2,2,4,1,2,1,3,3,1,1,3,3,5,3,5,3,4,3,3,3,1,2,4,5,3,1,2,1,3,3,2,1,2,3,1,1,2,5,3,3,2,1,1,2,5,1,2,3,3,1,2,2,3,3,1,1,1,5,3,3,1,1,0,1,1,1,1,4,0,CAA
86,39,0,3,11,4,3,2,4,3,4,2,1,5,1,4,5,5,3,4,1,3,2,3,3,3,3,3,1,5,1,3,3,5,2,3,2,2,3,3,1,3,1,3,3,3,1,1,2,3,3,3,1,2,1,4,5,1,3,3,3,1,1,2,1,3,4,2,5,5,1,1,1,0,0,0,2,AEE
87,42,1,3,0,3,5,5,1,5,1,1,3,1,4,1,3,2,1,3,5,3,3,2,1,2,2,2,1,1,1,1,3,2,1,4,2,1,3,3,3,3,1,1,2,3,4,5,2,1,2,2,4,3,3,2,3,2,5,3,3,3,3,5,3,3,3,1,3,1,1,1,0,0,1,5,0,IGGLIA
88,34,1,6,12,1,2,2,2,2,4,2,4,2,2,3,1,3,3,1,2,5,1,3,3,1,4,4,2,2,2,2,3,1,2,3,3,1,2,1,2,2,3,3,4,3,3,1,3,1,5,3,2,4,3,3,2,5,3,3,1,2,3,2,1,1,5,3,3,1,0,0,0,0,1,1,11,EMII
89,27,0,0,14,1,1,1,3,2,3,2,5,2,3,1,3,2,1,4,3,3,2,2,2,2,4,3,3,1,1,3,4,3,3,3,1,1,1,1,1,3,2,1,1,1,3,3,5,2,2,1,1,1,2,1,1,5,2,4,2,3,3,2,1,1,2,5,2,2,0,1,0,1,1,0,11,ICMP
90,28,0,2,8,3,1,3,4,1,5,3,3,4,2,5,5,5,2,5,1,3,3,2,3,3,3,2,2,4,3,1,5,5,1,1,1,1,2,5,1,3,1,3,2,2,1,2,2,3,3,1,1,3,1,5,5,1,2,2,3,3,2,1,1,3,5,2,5,3,0,0,0,1,1,5,7,BIO
91,43,0,0,15,1,3,2,3,2,4,2,3,1,3,2,3,3,5,3,3,1,1,5,4,1,1,2,4,2,2,3,5,1,3,3,2,1,3,1,2,3,2,3,1,5,2,1,2,1,2,2,2,1,3,2,1,1,2,1,1,4,2,3,1,2,3,1,1,2,1,1,1,0,0,4,8,TEE
92,24,1,2,4,3,3,1,1,2,3,3,3,1,2,2,1,1,3,3,5,1,5,3,4,2,1,1,2,2,5,5,5,1,2,1,1,2,1,1,3,3,3,1,1,5,3,2,2,1,3,2,4,1,1,2,3,2,3,2,1,1,1,2,3,4,1,2,1,1,1,1,0,1,1,1,13,CAA
93,40,1,4,6,1,2,3,1,1,5,2,1,2,2,3,3,3,2,2,1,1,4,3,5,2,2,1,3,3,5,5,4,2,1,1,2,1,2,2,2,1,5,2,3,4,3,1,2,3,1,2,4,2,3,2,2,3,2,1,3,1,3,1,2,2,1,2,1,3,1,1,1,0,0,4,1,DTJA
94,21,0,2,15,3,1,2,1,2,4,1,3,1,3,3,2,2,5,3,3,1,1,4,3,3,3,1,4,3,1,2,5,2,2,3,3,2,1,1,3,2,2,3,3,5,2,3,2,1,3,1,3,3,2,1,2,1,2,3,1,4,3,3,2,1,2,1,1,2,1,1,1,1,1,2,3,TEE
95,33,0,3,5,2,2,1,2,3,3,1,1,1,3,1,1,3,2,3,5,1,4,1,5,2,3,3,2,3,4,2,5,2,3,2,2,2,1,1,2,3,1,3,2,4,3,3,2,2,3,3,5,1,1,3,2,3,2,1,3,2,3,1,1,5,2,3,1,3,0,0,1,0,1,3,14,FIC
96,35,1,2,10,3,2,3,5,2,4,2,2,4,1,5,5,4,3,5,3,1,3,1,3,2,3,3,1,5,2,1,3,4,2,2,1,3,5,4,2,1,3,1,3,1,3,3,1,3,2,2,1,2,4,5,4,3,1,2,1,1,3,1,2,2,5,1,5,3,0,0,1,0,1,4,1,PIP
97,23,0,2,1,2,5,5,1,4,3,3,2,2,4,1,3,2,1,2,2,2,3,2,3,3,1,1,3,3,2,2,5,3,2,4,2,2,1,2,5,5,2,2,3,3,3,3,3,4,3,2,3,3,1,2,3,1,4,1,1,2,1,5,1,3,2,2,1,3,1,1,0,0,0,3,0,IMTICIA
98,37,0,3,6,1,1,3,1,2,5,3,3,1,1,3,1,2,2,2,3,1,5,2,5,3,3,2,2,1,4,5,3,2,2,2,1,2,2,1,2,1,5,1,3,5,1,3,2,1,1,3,5,1,3,3,1,2,3,2,1,1,1,1,3,3,2,2,1,2,0,0,0,1,1,0,5,DTJA
99,36,0,3,12,2,2,2,2,3,3,3,4,1,2,3,2,1,3,3,2,5,3,2,2,1,4,5,3,2,1,2,4,3,1,1,3,1,2,3,1,2,3,2,4,3,3,2,4,1,5,3,1,4,1,1,1,5,3,1,2,2,1,3,3,2,5,3,2,1,0,1,0,1,0,2,3,EMII
100,32,1,5,16,3,1,3,3,1,3,1,3,1,2,3,1,2,4,1,3,3,1,4,3,3,1,2,4,2,3,1,5,1,1,1,2,4,1,1,2,2,3,3,2,5,1,3,3,3,1,5,4,1,3,1,2,1,1,2,4,5,1,3,2,3,1,2,1,3,0,0,0,1,0,0,7,TEH
101,18,0,5,2,3,5,5,2,4,3,2,3,1,3,1,3,2,3,2,2,1,1,3,3,1,3,4,3,2,3,1,5,2,2,4,1,3,1,1,3,5,1,3,2,3,5,1,2,3,3,1,2,1,1,1,1,3,5,2,1,1,3,3,4,3,2,2,1,2,1,1,1,0,0,4,14,ESIIA
102,23,1,2,5,1,1,1,3,2,5,3,2,2,1,3,3,2,1,1,5,1,4,1,5,1,2,1,1,2,5,1,4,1,1,3,2,1,2,2,1,2,3,1,3,5,2,1,2,1,1,3,4,2,1,1,2,2,2,1,2,1,2,3,1,4,3,3,1,1,1,1,0,1,1,1,11,FIC
103,41,1,1,13,2,3,1,3,1,5,4,5,1,1,2,3,3,1,2,3,5,2,3,1,2,2,1,1,3,1,3,5,2,4,1,5,2,1,3,1,1,2,3,2,1,3,2,5,3,3,1,2,5,1,3,2,3,2,3,2,3,3,1,3,1,5,3,2,3,0,1,1,1,0,4,1,GCA
104,41,1,2,10,3,2,1,4,2,4,2,3,4,2,5,4,4,3,4,1,2,1,3,1,3,2,3,3,4,3,1,4,5,2,3,3,2,5,3,1,2,2,2,2,3,3,1,2,3,3,3,3,2,5,5,4,1,2,1,1,2,1,2,1,1,4,2,4,3,0,1,0,0,0,1,10,PIP
105,33,0,2,4,3,1,2,1,1,3,1,3,3,2,2,3,2,3,3,5,2,5,2,5,3,1,2,1,2,4,5,4,2,1,1,2,2,2,1,3,1,3,3,2,4,1,3,3,3,1,1,4,1,1,2,3,1,2,2,2,1,1,3,3,4,3,2,2,1,1,1,0,1,0,5,6,CAA
106,42,0,2,15,2,1,1,3,3,5,2,3,3,2,2,2,3,4,3,3,2,2,4,5,2,1,1,4,2,1,2,5,1,2,2,1,2,1,3,3,1,3,3,1,5,1,1,1,3,2,3,3,1,3,2,1,2,2,3,3,4,3,2,2,1,3,2,2,2,1,0,1,1,1,1,7,TEE
107,24,1,2,2,2,4,4,1,5,2,3,2,1,5,3,1,1,1,2,2,3,2,1,3,2,1,4,2,3,2,2,3,3,2,5,3,1,1,1,4,4,3,2,1,2,5,2,2,3,3,2,1,1,1,1,2,2,5,1,3,3,2,4,4,2,3,3,1,1,0,1,1,0,1,3,9,ESIIA
108,45,0,3,13,3,1,2,3,3,5,4,5,1,3,1,1,2,2,3,1,5,1,1,2,2,2,3,2,1,2,2,5,3,4,3,4,3,1,1,3,1,3,2,2,3,2,2,5,3,3,2,1,5,1,1,1,5,2,2,2,2,2,1,1,1,4,3,1,1,0,1,1,0,0,4,14,GCA
109,33,0,3,0,1,4,5,3,4,1,3,2,1,5,1,1,1,3,1,4,2,1,1,1,1,2,3,1,1,1,2,4,1,1,3,1,3,3,3,3,4,1,2,1,1,4,4,1,1,3,1,4,1,3,2,1,1,4,3,2,3,2,4,1,3,3,3,1,3,0,0,0,0,0,5,2,IGGLIA
110,41,0,1,0,3,5,4,2,5,3,1,2,3,3,1,2,2,2,1,4,2,1,2,1,2,1,3,1,2,2,3,4,3,3,3,1,2,2,1,4,4,2,3,3,2,5,5,1,3,2,2,5,1,1,2,3,2,4,1,3,2,3,3,2,2,3,3,3,1,0,0,1,1,0,4,14,IGGLIA
111,20,0,1,5,1,3,2,1,1,4,3,2,2,3,3,3,2,3,2,5,2,5,2,5,1,2,1,1,2,5,2,3,3,1,1,1,3,1,1,2,3,1,1,2,5,1,2,3,3,1,1,5,2,1,2,3,2,2,3,2,3,2,3,3,4,1,2,1,2,1,1,1,1,1,0,2,FIC
112,40,0,2,9,2,3,2,5,1,5,3,2,5,2,4,4,5,2,5,3,2,3,3,2,2,2,1,1,4,1,2,4,4,3,2,2,1,2,4,2,2,2,1,3,1,1,1,3,2,3,1,3,1,2,4,5,1,1,3,5,1,2,3,2,3,5,2,4,3,1,0,1,1,1,1,1,IAA
113,21,0,1,15,2,3,3,2,1,5,2,2,2,1,2,3,1,4,2,2,1,2,5,3,3,3,1,4,3,2,2,3,3,3,2,2,1,2,1,3,2,3,2,2,5,1,2,2,2,3,3,2,3,3,1,1,3,3,3,1,5,1,3,3,2,2,3,3,3,1,0,0,1,1,0,2,TEE
114,45,0,1,9,1,3,1,5,2,4,3,1,5,3,4,5,4,1,4,1,1,1,2,2,2,3,2,2,4,1,1,4,4,1,2,2,3,3,3,3,1,3,2,1,1,1,2,3,2,1,2,2,3,3,4,5,3,1,1,4,3,3,3,1,3,5,2,4,1,0,1,1,1,0,5,3,IAA
115,21,0,6,4,2,2,2,3,1,4,3,2,3,1,2,3,2,2,3,4,2,4,2,5,3,2,2,1,3,4,4,5,3,1,2,3,2,2,3,3,2,3,1,3,4,2,2,1,2,2,2,4,1,2,1,1,2,3,2,3,2,1,2,1,5,2,3,2,2,1,0,0,1,0,2,9,CAA
116,32,0,4,10,3,3,1,5,3,3,1,2,4,3,5,5,4,1,4,1,3,3,3,1,3,3,2,2,5,2,3,3,5,1,3,3,2,5,3,1,2,2,1,2,2,3,1,1,1,3,3,3,3,4,4,5,1,2,3,1,1,2,3,2,3,5,1,4,2,0,0,0,1,1,4,7,PIP
117,25,1,1,3,2,4,5,2,4,1,2,1,3,3,2,3,3,1,2,1,2,1,1,2,2,1,3,2,1,2,3,5,3,2,3,1,2,1,2,5,4,3,4,3,2,5,2,3,3,2,1,1,3,1,1,2,1,2,2,3,3,4,3,2,3,3,2,2,2,1,0,0,0,1,0,7,ISAIA
118,32,0,1,10,3,2,1,5,1,4,1,1,5,2,5,5,5,2,5,3,2,2,1,2,3,2,1,3,5,1,1,3,4,1,1,1,2,5,3,3,2,2,1,2,1,2,2,3,3,2,2,2,1,4,4,5,1,1,2,1,1,3,3,2,3,4,3,4,3,0,1,0,0,1,4,14,PIP
119,18,0,6,10,1,2,2,4,2,3,1,1,5,3,5,5,5,3,4,2,1,3,3,2,2,3,3,3,4,1,1,5,5,2,1,3,1,5,3,2,2,1,1,2,1,1,1,1,2,2,2,3,3,4,4,5,2,2,3,2,3,3,1,2,3,4,2,4,2,1,1,1,1,1,0,6,PIP
120,37,0,3,11,4,1,3,5,2,5,1,3,4,2,4,5,5,2,4,2,2,1,1,3,2,1,3,2,5,3,1,5,4,1,3,1,3,2,4,1,2,3,3,3,2,2,2,3,1,3,1,1,3,3,5,4,1,2,1,1,2,3,2,2,3,5,3,5,5,1,0,0,0,0,4,9,AEE
121,45,0,2,8,1,1,2,4,1,3,3,2,5,3,5,5,5,3,5,3,3,3,3,2,2,1,1,1,4,1,1,3,4,1,1,2,3,1,5,1,2,3,3,1,1,2,2,1,2,2,1,1,1,1,5,5,2,1,2,3,1,1,2,3,2,4,2,4,1,1,1,1,1,0,2,7,BIO
122,36,1,6,16,2,1,3,1,3,3,2,3,2,3,1,2,3,5,2,1,2,3,5,4,3,2,1,4,2,3,1,4,2,2,1,3,4,3,3,2,3,3,3,2,4,2,3,3,2,2,5,5,1,3,1,2,3,3,1,5,4,1,1,1,3,2,1,2,2,1,0,0,0,0,2,4,TEH
123,39,0,4,11,4,1,2,5,1,5,1,1,4,2,5,5,5,1,5,1,3,3,3,3,1,3,1,2,5,1,1,5,4,3,1,3,1,1,5,1,1,2,1,3,2,3,2,3,2,3,1,1,3,2,5,4,1,1,2,2,1,1,2,2,2,4,1,5,5,1,1,0,0,1,4,2,AEE
124,31,1,5,13,3,3,2,1,2,3,4,4,1,2,2,2,1,2,1,2,4,3,3,1,3,1,3,3,3,3,2,4,2,5,3,5,2,1,2,3,3,1,3,2,2,3,1,5,3,3,3,2,5,3,2,1,4,1,1,3,2,2,3,3,3,4,3,3,2,0,0,1,1,0,0,14,GCA
125,25,1,1,8,2,3,1,4,2,4,3,3,5,1,4,4,5,2,4,2,2,1,3,3,3,3,3,3,4,2,2,4,4,3,2,3,3,1,3,2,3,3,1,2,2,1,1,3,2,2,1,1,1,2,4,5,1,2,1,2,3,3,2,3,3,5,2,5,3,1,1,1,1,0,0,2,BIO
126,40,0,6,15,3,3,1,3,1,4,2,1,3,1,3,2,1,5,1,1,2,3,5,3,3,1,1,5,2,2,2,4,2,1,1,1,3,2,1,2,2,1,1,3,5,1,1,3,2,1,1,2,2,3,2,3,2,2,2,2,4,1,3,3,2,2,3,2,1,1,0,1,1,0,5,5,TEE
127,39,1,3,1,3,3,3,3,3,3,3,3,2,5,3,1,3,3,1,1,3,3,3,1,3,3,1,2,3,1,1,5,3,1,3,2,1,1,3,5,4,1,3,3,2,4,3,1,5,1,2,2,1,2,1,3,2,5,2,1,1,1,5,1,2,1,1,2,1,0,1,1,0,0,3,5,IMTICIA
128,18,1,1,5,1,2,1,2,2,4,2,1,1,1,1,3,3,1,2,5,1,5,1,5,2,3,2,1,2,4,2,5,1,1,2,3,3,3,1,1,3,3,1,2,5,2,1,3,3,1,1,5,3,1,1,3,2,3,2,1,1,2,3,2,4,1,1,2,2,1,1,1,0,1,0,11,FIC
129,27,0,3,2,1,5,5,2,4,1,3,3,2,5,2,3,2,3,2,2,1,3,2,2,1,2,5,1,3,1,3,3,3,2,3,1,3,1,2,5,5,3,2,2,3,3,3,3,1,3,1,3,2,3,1,2,2,5,2,1,3,1,3,5,2,1,2,1,1,0,1,1,0,0,4,10,ESIIA
130,43,1,1,9,2,2,1,5,2,5,3,3,4,1,4,5,4,2,5,1,3,1,3,3,3,3,3,3,4,1,3,3,4,1,2,3,1,3,5,2,1,3,1,3,3,3,3,2,3,3,2,1,2,3,4,5,2,2,2,4,3,3,2,2,2,4,3,4,1,1,1,1,1,0,2,5,IAA
131,36,1,6,2,1,5,4,1,3,1,1,2,2,3,3,3,1,1,2,2,1,3,3,2,2,1,4,2,1,2,1,4,3,1,3,3,3,2,1,5,4,3,1,1,1,3,2,2,3,1,1,1,2,1,2,3,3,5,1,1,3,1,5,4,2,2,2,1,3,1,0,0,1,1,2,6,ESIIA
132,28,0,3,3,1,4,5,2,5,1,1,1,1,5,3,1,3,1,3,1,3,3,2,2,2,2,3,3,2,1,1,3,1,1,3,2,3,2,3,5,4,2,4,1,2,4,3,2,2,2,1,3,3,3,3,1,1,1,3,3,1,5,4,1,1,3,1,1,2,0,1,1,1,1,3,6,ISAIA
133,23,0,5,10,1,2,1,4,3,3,3,1,5,3,4,4,5,3,5,3,2,1,2,1,1,2,1,1,5,1,3,3,4,2,2,1,3,5,3,1,1,1,2,1,1,2,3,1,2,3,1,1,1,4,4,5,1,1,3,1,2,3,1,2,1,5,2,4,2,1,0,1,0,0,0,14,PIP
134,43,0,2,4,3,2,2,3,2,5,1,1,3,3,1,3,2,1,2,4,1,5,1,5,1,3,1,2,3,4,4,5,2,3,3,2,2,3,2,1,2,3,2,3,5,3,2,2,2,3,2,4,1,1,1,2,1,2,1,2,2,2,3,1,5,2,3,1,1,0,1,1,1,0,3,7,CAA
135,37,0,2,16,2,2,2,2,2,4,2,1,1,2,1,2,3,4,2,1,2,3,4,4,1,1,1,4,2,1,3,3,2,1,3,2,5,2,3,3,2,1,3,3,4,3,3,3,2,1,5,5,2,2,2,3,3,1,2,4,5,1,1,3,3,1,2,1,3,1,1,1,0,1,4,6,TEH
136,24,0,5,13,1,2,1,3,1,4,4,5,3,2,2,1,2,2,3,2,5,2,3,1,3,1,1,1,2,3,3,5,3,5,2,4,2,1,3,2,1,2,1,2,3,2,3,4,1,1,1,3,4,1,3,3,4,1,1,1,1,2,2,1,1,5,3,3,1,1,0,1,0,0,1,14,GCA
137,30,0,0,13,3,2,2,3,1,4,4,4,1,2,2,3,3,2,1,3,5,3,1,3,3,3,2,2,1,1,1,4,1,5,3,4,3,2,3,2,2,2,3,1,3,1,2,5,2,2,3,3,5,2,3,1,4,1,1,3,3,2,2,2,3,4,3,3,1,1,0,0,0,1,4,8,GCA
138,39,1,3,9,3,1,2,5,3,3,2,1,4,3,5,5,5,1,5,1,3,1,2,1,1,3,3,3,5,2,2,5,5,1,2,1,1,2,3,3,1,2,3,3,2,2,2,1,1,3,3,1,3,2,4,5,2,1,1,4,3,1,1,2,1,5,1,4,3,0,1,0,1,1,0,11,IAA
139,39,0,2,1,1,5,5,3,5,3,3,1,2,5,2,2,1,3,1,1,2,1,1,2,1,1,1,1,2,1,1,4,1,3,5,1,1,1,3,3,5,1,1,2,3,3,2,2,4,3,1,3,2,2,1,1,1,4,2,2,1,1,4,3,2,1,2,1,2,0,0,1,1,0,0,3,IMTICIA
140,27,1,2,13,1,3,3,3,1,4,4,5,3,3,2,3,3,1,2,1,5,3,2,1,2,1,3,3,2,2,3,5,3,4,3,4,1,1,3,1,2,1,3,2,1,3,1,3,1,2,2,2,4,1,2,1,5,1,1,3,3,2,3,2,1,5,2,3,1,1,1,0,0,1,1,3,GCA
141,39,1,4,1,3,5,3,3,4,3,2,1,2,5,1,1,2,1,1,1,3,1,1,1,1,1,3,3,1,1,3,3,2,3,4,2,1,3,1,3,4,1,3,1,2,4,3,2,4,2,2,1,2,2,2,1,2,5,2,3,3,3,4,1,2,1,2,2,1,1,0,0,1,1,2,7,IMTICIA
142,30,0,2,9,2,1,3,5,1,3,1,1,4,3,5,5,5,2,5,3,2,2,2,2,3,3,1,2,4,1,2,5,4,1,2,2,3,2,5,3,2,3,3,2,3,1,3,2,2,3,1,1,2,1,5,4,3,3,3,4,2,3,2,3,1,5,1,4,1,0,0,1,1,0,3,3,IAA
143,23,1,1,13,2,3,3,3,2,5,5,5,3,1,1,3,3,2,1,2,4,3,2,3,2,1,1,2,1,1,1,5,2,5,3,5,3,2,1,1,2,1,3,1,1,2,1,5,1,2,3,1,4,1,1,3,3,1,2,2,2,3,3,1,3,4,1,2,1,1,0,1,0,1,0,3,GCA
144,33,0,0,15,1,2,1,3,3,3,1,1,3,1,2,3,3,5,2,2,2,3,5,4,2,3,2,5,1,2,3,4,2,3,1,2,2,1,1,2,3,2,3,1,4,3,1,3,2,3,1,2,2,3,3,3,2,3,2,3,4,1,3,2,1,3,2,1,3,1,1,0,1,1,4,12,TEE
145,29,0,6,2,2,5,5,1,5,2,2,3,1,5,1,3,3,3,3,1,1,2,1,2,3,3,5,1,2,1,2,5,3,1,3,1,1,3,3,3,3,2,3,1,1,4,2,2,1,3,2,3,2,3,1,3,1,5,1,3,2,1,5,4,3,2,2,3,3,1,1,0,0,1,0,1,ESIIA
146,20,0,3,3,1,5,3,3,4,1,2,2,3,5,1,2,1,3,3,1,2,2,2,2,3,1,3,3,3,3,1,3,2,1,5,2,2,1,2,3,4,3,5,1,3,4,1,3,3,3,1,3,2,2,3,3,1,2,3,3,2,4,4,2,3,2,1,2,1,0,0,0,0,1,4,4,ISAIA
147,18,0,1,5,3,2,2,2,2,3,3,3,2,2,3,1,3,3,2,4,1,5,3,4,3,2,2,3,1,4,2,5,2,2,1,1,1,3,1,3,3,1,2,3,4,3,1,2,2,3,1,4,1,2,2,1,1,1,3,3,2,3,2,1,5,1,1,1,1,1,1,1,0,1,4,12,FIC
148,42,0,4,2,2,4,5,3,4,2,1,1,1,3,1,2,3,3,3,1,1,3,3,3,2,2,4,3,1,2,2,5,3,2,4,3,1,1,2,3,5,3,1,2,3,3,2,3,3,3,2,1,3,3,3,3,3,4,1,3,1,1,5,4,1,3,2,2,1,0,0,0,0,0,3,13,ESIIA
149,20,1,2,1,2,5,3,2,5,1,1,2,1,5,2,3,3,2,1,3,2,3,2,3,2,3,3,3,1,3,1,5,1,1,3,1,1,2,1,3,5,3,1,3,2,4,1,3,5,1,3,2,2,2,3,1,2,5,1,2,3,2,5,1,3,1,1,3,3,1,0,1,0,1,4,5,IMTICIA
150,30,0,3,13,1,2,1,3,1,5,5,4,2,3,1,2,2,2,1,1,5,1,1,2,1,2,1,1,1,3,3,4,3,5,1,5,3,3,2,3,2,3,1,1,1,2,2,3,2,3,3,3,5,2,3,1,4,1,3,3,3,1,3,1,1,5,3,3,2,0,1,0,1,1,0,5,GCA
151,34,0,6,14,3,3,1,2,3,3,2,5,2,1,3,1,1,3,4,1,1,3,1,1,3,5,3,2,1,2,3,5,3,1,2,2,3,3,3,3,3,1,2,1,3,1,3,3,3,2,3,3,3,2,1,3,5,3,4,3,2,1,3,3,1,1,4,2,1,1,0,1,1,1,0,1,ICMP
152,39,0,2,10,1,2,2,5,2,4,1,1,5,1,5,4,5,3,5,1,2,1,3,2,2,2,2,1,4,2,3,3,5,2,1,1,2,5,3,1,3,3,1,2,1,2,1,1,3,2,1,2,2,5,5,5,2,1,3,2,1,2,3,2,1,4,2,5,1,1,0,0,0,1,0,6,PIP
153,41,0,0,13,3,1,2,3,2,3,5,5,3,2,3,3,1,2,2,3,5,1,1,1,1,1,1,2,3,1,3,3,1,5,2,4,2,2,2,2,2,1,2,1,3,1,3,5,1,1,2,1,5,3,1,3,4,1,2,3,1,3,3,3,3,4,1,3,3,0,0,0,0,1,0,3,GCA
154,31,0,1,4,1,2,2,3,2,5,3,1,1,2,2,2,1,3,2,4,2,4,2,5,2,2,3,2,1,5,4,3,1,1,1,3,3,2,1,2,2,2,3,1,5,1,2,2,2,2,2,4,1,3,1,3,3,1,2,2,3,2,3,3,5,1,3,2,1,1,0,0,0,0,0,14,CAA
155,24,1,5,6,1,3,3,2,2,5,2,1,3,3,1,1,1,1,2,3,3,5,3,5,2,2,3,3,1,5,4,4,2,3,3,1,1,3,2,3,1,5,1,3,4,3,1,3,2,2,3,4,1,2,3,2,3,2,2,3,2,1,1,1,1,3,1,3,3,0,1,1,1,0,1,4,DTJA
156,23,0,2,3,2,3,5,1,4,1,2,1,3,3,1,3,1,1,3,2,3,3,2,2,1,3,3,2,3,1,2,5,2,2,3,3,1,2,1,5,4,1,5,1,3,5,3,1,3,3,3,2,3,2,3,3,3,3,1,2,1,5,4,1,3,3,2,1,2,0,1,1,0,1,0,2,ISAIA
157,23,1,1,14,3,2,3,1,3,4,1,5,1,1,2,3,3,1,4,1,1,2,1,2,3,5,1,3,3,1,3,3,3,1,2,2,1,1,1,3,1,1,1,1,2,1,3,5,1,1,1,3,3,2,3,1,3,1,5,3,2,1,2,2,2,1,4,1,3,1,0,0,0,0,3,1,ICMP
158,44,0,0,16,1,1,1,2,2,3,2,3,2,1,3,2,3,4,2,1,1,1,4,4,2,1,3,5,1,2,1,3,3,1,1,2,5,3,1,3,2,1,3,3,5,3,2,2,1,2,5,5,2,3,1,1,1,3,1,5,4,2,2,3,2,1,1,3,2,1,0,0,1,0,0,6,TEH
159,28,0,2,11,5,3,3,5,1,5,1,2,5,3,5,5,4,2,4,3,3,2,3,3,3,3,1,3,4,1,2,3,4,1,2,3,2,1,3,1,2,2,1,2,2,1,3,2,1,1,1,1,3,1,4,4,2,3,1,3,2,2,1,3,1,4,2,4,4,0,1,0,0,0,0,9,AEE
160,22,1,2,13,1,3,3,3,2,4,5,5,2,3,3,1,2,1,1,1,4,3,1,3,1,1,2,2,3,2,3,5,2,5,3,4,2,1,2,1,3,2,1,3,1,2,3,3,1,2,1,3,4,3,2,2,4,3,3,2,2,1,1,2,3,5,1,2,1,0,0,1,1,0,1,2,GCA
161,20,0,0,3,2,3,5,1,5,1,1,2,1,5,3,1,3,2,1,1,2,1,2,1,2,2,2,3,1,2,2,5,2,1,5,3,1,2,2,5,5,1,4,1,3,4,2,3,1,2,1,1,3,2,1,3,1,3,1,1,3,4,5,1,3,3,3,3,3,1,1,0,1,1,2,13,ISAIA
162,19,1,4,13,2,1,1,3,3,3,4,5,1,1,1,2,3,1,2,1,5,2,1,2,1,1,2,3,2,2,1,3,1,5,2,5,2,2,3,1,1,3,2,1,2,2,2,4,3,3,1,2,5,3,3,2,4,1,3,2,3,2,2,3,1,4,3,1,3,0,0,0,1,1,0,6,GCA
163,25,0,2,2,1,4,4,2,5,3,2,1,1,3,3,1,2,2,1,2,2,1,2,2,3,2,4,3,3,2,1,4,2,1,5,1,2,1,3,3,4,3,1,3,2,3,2,2,2,1,1,1,1,3,2,2,2,4,1,1,1,2,4,4,2,3,2,2,3,0,1,0,0,0,4,6,ESIIA
164,42,0,1,10,2,2,2,4,3,4,2,3,5,1,4,4,4,2,5,1,1,2,1,2,2,1,3,2,5,3,3,3,5,1,3,2,3,4,3,1,3,1,2,3,3,1,3,2,1,2,1,1,3,4,5,5,1,2,2,3,1,3,2,3,2,5,2,5,2,1,1,0,0,1,2,2,PIP
165,35,0,1,5,3,3,3,2,3,4,3,3,1,1,1,1,3,1,3,5,1,5,3,4,3,2,3,3,1,5,2,3,1,2,3,2,1,1,2,1,2,2,2,3,5,1,2,1,3,2,2,5,2,2,3,1,1,2,1,1,1,1,2,3,5,2,1,3,2,0,1,0,1,0,4,9,FIC
166,22,1,1,13,3,1,2,2,3,3,5,4,1,3,1,3,1,3,3,2,5,3,1,2,1,1,1,1,2,1,3,5,1,4,3,4,3,2,1,3,3,1,2,3,3,2,1,3,3,1,2,1,4,3,2,2,5,1,2,1,1,3,1,3,3,4,1,2,3,0,0,0,1,1,4,1,GCA
167,33,1,5,2,1,4,3,2,3,2,1,2,3,3,1,3,2,2,2,3,2,1,1,2,1,1,4,1,2,2,2,5,3,3,3,1,3,3,2,3,3,3,1,3,1,5,3,1,1,2,1,1,1,2,1,1,1,4,2,2,2,1,3,5,3,3,3,2,2,1,1,1,0,1,0,10,ESIIA
168,30,0,4,8,3,2,1,4,3,4,2,2,5,3,5,5,4,3,5,2,1,3,2,2,3,1,2,1,4,3,2,5,5,2,3,3,3,2,4,1,1,1,2,2,1,2,1,1,1,3,2,2,1,2,4,4,2,3,1,3,2,1,2,3,2,4,3,4,2,1,0,0,0,1,4,14,BIO
169,36,1,2,2,2,4,4,1,3,1,2,2,1,4,2,1,1,2,1,3,2,3,2,1,3,1,5,1,3,3,1,4,2,1,4,1,3,3,1,4,5,1,1,2,1,4,3,2,2,2,2,2,1,3,2,2,3,4,2,2,3,2,4,4,2,3,1,1,1,0,0,0,0,1,4,11,ESIIA
170,25,0,1,13,2,3,1,3,1,4,4,4,1,2,1,2,2,3,3,2,5,3,1,1,3,2,1,1,2,1,3,4,3,5,3,4,3,3,1,3,2,3,2,2,2,3,2,3,1,2,2,3,4,2,3,1,5,3,3,1,3,1,1,2,1,4,1,3,1,1,1,0,1,0,1,13,GCA
171,34,1,4,16,2,3,2,3,1,5,1,1,1,2,2,2,3,4,2,1,1,2,5,3,3,2,3,4,1,2,1,5,1,1,1,2,4,2,1,2,3,3,2,2,5,1,3,1,2,2,4,4,2,3,2,3,2,1,2,5,5,1,1,3,2,3,2,1,2,0,1,0,1,1,3,1,TEH
172,38,0,0,1,1,3,3,3,4,1,1,3,1,4,1,3,3,3,2,2,2,1,1,3,3,2,2,1,1,1,2,5,2,3,5,2,3,1,1,3,5,3,3,2,3,4,3,1,4,2,3,1,1,1,2,2,1,4,3,2,2,2,3,1,2,1,1,3,1,1,1,0,1,0,2,0,IMTICIA
173,36,0,1,0,1,5,5,1,3,1,1,2,3,4,2,2,3,2,3,5,3,2,2,2,2,1,2,2,3,2,3,5,3,2,3,2,3,3,3,5,3,1,2,1,3,3,5,2,1,1,3,5,2,1,3,1,1,5,3,1,2,3,5,3,2,3,1,2,3,1,1,1,1,1,1,0,IGGLIA
174,40,0,3,16,2,2,3,2,2,3,1,2,3,1,2,3,1,5,3,3,3,1,5,4,2,1,2,4,2,1,1,4,3,1,1,2,5,1,2,2,3,1,1,2,4,2,2,3,3,3,4,4,3,2,1,3,1,2,3,4,5,1,1,2,2,1,3,3,2,1,1,0,1,1,3,2,TEH
175,39,1,4,13,1,3,1,2,1,4,4,5,2,1,2,3,3,2,3,1,5,2,1,1,3,2,3,2,3,3,3,4,2,5,2,5,2,2,2,1,3,1,2,1,1,3,2,3,3,3,2,1,5,1,2,1,4,3,1,2,3,2,1,1,1,5,3,1,2,0,1,1,1,0,0,9,GCA
176,41,1,3,16,3,1,3,3,2,3,1,3,3,1,2,3,2,4,2,3,3,1,4,3,1,1,3,4,3,1,1,3,1,2,1,3,5,2,1,1,2,2,2,1,4,3,2,3,3,2,4,5,1,3,1,1,1,3,3,4,4,3,3,3,3,1,2,2,2,1,0,1,1,1,2,11,TEH
177,32,0,2,3,1,4,4,1,5,2,1,3,2,3,3,3,3,3,2,1,2,1,2,3,2,2,1,1,2,3,3,3,2,3,5,2,3,1,1,5,3,2,5,2,3,3,2,3,2,2,1,3,2,2,2,3,3,1,3,3,3,5,3,3,2,3,3,2,3,1,0,0,0,0,1,10,ISAIA
178,33,1,2,3,1,5,3,1,3,3,2,2,1,3,3,2,1,1,3,1,2,2,3,3,1,1,2,1,3,2,2,3,3,3,5,1,1,2,2,4,5,2,4,1,3,3,2,3,1,1,3,1,3,3,1,1,1,1,1,2,2,4,4,1,3,3,3,3,3,1,0,0,1,1,2,14,ISAIA
179,43,0,2,4,2,1,3,1,1,5,2,1,1,2,1,1,3,3,2,4,1,5,2,5,3,2,1,1,2,4,4,5,3,3,2,2,3,1,3,3,1,3,2,2,4,1,2,2,2,1,2,4,1,1,3,3,2,3,1,1,2,1,3,3,4,2,1,2,3,0,1,0,1,0,0,7,CAA
180,25,0,2,16,2,1,1,1,1,3,3,3,2,3,3,3,1,5,1,2,2,3,4,4,3,2,3,4,1,2,1,5,2,2,1,2,5,1,1,1,1,3,1,1,5,3,3,3,1,1,4,4,1,1,1,2,1,2,1,5,5,3,3,1,2,1,3,2,2,0,0,0,1,0,2,11,TEH
181,45,0,3,11,5,3,2,4,3,4,2,3,4,1,5,5,5,2,4,1,1,3,1,2,3,3,1,1,5,3,1,3,4,3,2,3,2,1,3,2,1,2,2,3,2,2,1,1,2,3,2,2,1,2,5,5,1,1,1,2,1,3,2,3,1,5,1,5,4,1,1,0,0,1,4,9,AEE
182,45,0,3,13,3,1,1,3,2,5,5,5,2,3,3,3,3,2,1,2,5,3,1,1,1,2,3,2,1,1,3,4,2,5,1,5,2,2,3,2,3,3,1,1,2,3,3,4,2,1,2,2,4,2,1,2,3,2,2,3,3,1,2,1,3,4,2,3,3,1,0,1,0,1,4,4,GCA
183,45,0,1,8,1,1,3,4,1,3,3,1,4,3,5,5,4,3,4,1,3,2,2,1,3,2,3,3,4,3,1,4,4,1,3,2,1,3,3,1,1,2,3,2,3,2,1,3,2,2,1,1,2,3,5,5,2,3,2,2,2,3,1,1,2,4,2,4,3,0,0,0,1,1,5,6,BIO
184,39,1,1,1,3,3,3,1,5,3,3,3,3,5,2,3,3,1,3,1,3,2,3,3,3,2,2,2,1,3,2,3,2,1,4,1,2,2,3,3,5,1,2,3,2,4,1,2,4,2,3,2,3,1,2,2,1,4,3,1,2,3,5,3,1,3,2,2,2,1,0,0,1,1,3,2,IMTICIA
185,38,1,1,15,1,2,1,1,1,4,2,3,3,2,3,1,1,4,2,1,3,1,4,3,3,3,2,5,2,1,2,5,3,1,3,2,1,2,2,3,3,3,1,3,4,1,3,2,2,2,3,2,3,2,2,2,3,1,3,1,4,1,1,3,3,2,3,3,2,1,1,1,0,1,5,1,TEE
186,27,0,0,7,3,3,3,3,2,4,2,2,2,1,1,1,3,3,1,5,3,5,3,3,5,1,2,2,1,4,2,4,2,2,1,1,2,2,3,1,1,3,5,1,4,1,3,3,1,1,3,4,3,3,1,1,2,1,2,1,2,3,2,3,5,3,1,2,2,0,0,1,1,1,1,13,EMP
187,26,1,0,4,2,1,3,1,3,3,2,1,3,2,2,2,3,3,3,4,3,5,1,5,1,3,3,2,1,4,4,3,1,3,2,1,3,1,2,2,1,2,1,3,5,2,1,1,3,1,3,4,1,2,1,2,3,3,1,3,1,1,2,3,5,3,2,3,3,0,1,1,0,1,4,14,CAA
188,39,0,4,9,2,3,2,5,2,3,1,1,5,2,5,5,4,3,5,1,1,2,2,3,1,2,3,2,4,2,2,5,5,3,1,1,2,2,5,1,2,1,3,2,2,3,2,2,2,2,2,2,2,1,5,5,3,1,2,4,2,2,2,1,3,4,3,4,3,0,1,0,0,0,4,1,IAA
189,29,1,3,10,3,1,3,4,2,5,1,1,5,3,4,5,4,2,5,2,1,3,3,1,1,1,1,3,4,3,2,4,4,1,2,2,1,4,5,3,1,1,2,3,1,2,3,2,1,3,2,1,1,4,5,4,1,3,3,3,1,1,3,3,2,4,3,5,2,1,0,1,1,1,1,4,PIP
190,30,0,0,15,2,3,2,2,2,5,3,3,1,2,1,2,3,5,2,3,3,1,5,3,3,1,2,4,2,2,2,5,1,3,2,2,1,3,1,1,3,1,1,2,4,1,1,2,3,2,3,3,3,1,1,2,2,2,2,3,5,1,1,2,3,3,3,2,1,1,0,1,1,1,5,3,TEE
191,32,1,2,10,3,3,1,4,2,5,1,2,4,1,4,4,4,1,5,1,1,2,2,1,3,3,2,1,5,2,1,4,4,2,2,3,3,5,5,2,3,2,3,3,1,1,2,3,3,1,3,3,2,5,5,5,1,2,3,3,1,1,3,3,2,4,2,5,1,0,1,0,0,1,4,3,PIP
192,35,0,0,3,3,4,5,1,3,2,3,3,1,4,3,1,1,2,2,2,3,3,2,2,3,2,2,3,3,3,3,3,1,3,3,1,3,1,2,3,4,3,4,1,3,5,3,2,2,3,3,3,2,3,3,3,2,1,1,1,1,4,3,3,1,1,1,2,1,1,0,0,0,1,2,7,ISAIA
193,27,0,0,10,3,2,2,5,3,4,2,2,5,3,4,4,4,3,5,3,1,2,3,2,2,3,2,3,4,3,2,5,5,1,1,2,2,5,5,2,1,3,3,1,2,2,1,3,1,1,2,2,3,4,4,5,2,1,2,2,3,1,3,2,1,5,3,5,2,0,1,1,0,0,4,14,PIP
194,37,0,2,15,2,3,3,3,1,3,2,1,3,3,1,3,3,4,1,1,2,1,4,4,3,3,1,5,1,3,2,3,3,3,3,1,2,3,2,3,1,3,3,2,4,3,2,2,3,3,1,1,1,3,1,3,2,1,1,2,4,2,3,1,3,3,2,1,3,0,1,1,1,0,1,9,TEE
195,36,1,0,2,1,3,5,1,3,2,3,3,1,3,1,1,3,2,2,1,3,1,2,3,3,1,4,2,1,2,3,4,1,2,3,3,2,2,1,3,4,1,1,2,2,5,2,2,1,2,2,3,2,2,3,3,2,4,1,3,2,1,5,4,3,2,2,3,3,1,0,1,1,0,3,3,ESIIA
196,24,0,0,8,1,3,3,4,2,3,2,3,5,2,5,4,5,3,4,3,2,1,1,2,2,2,2,3,4,1,2,4,4,2,3,1,1,2,5,2,3,3,3,2,3,2,2,1,2,3,2,3,2,2,5,5,1,1,3,1,2,2,2,3,2,4,1,4,2,0,0,0,1,0,5,4,BIO
197,43,0,1,4,2,1,3,1,1,3,2,2,1,1,1,1,2,1,3,4,1,5,1,5,1,2,1,2,3,5,4,4,3,2,2,3,1,1,2,1,2,1,2,2,5,3,3,2,3,2,3,4,2,2,3,3,3,1,1,3,1,1,2,2,5,3,1,3,3,1,0,0,0,1,0,3,CAA
198,31,0,1,9,1,2,1,5,2,4,3,2,4,2,5,4,4,2,4,2,1,2,3,3,1,3,2,1,4,2,1,5,5,3,2,1,2,3,5,2,2,1,2,2,2,3,3,1,3,2,3,2,2,3,5,5,1,1,2,5,3,1,1,1,2,5,1,5,2,0,1,1,0,0,4,7,IAA
199,19,1,3,11,5,2,2,5,1,5,2,1,5,2,5,4,5,2,5,3,1,3,1,2,3,1,3,3,5,1,1,3,4,1,3,1,3,2,4,2,2,2,3,3,1,3,3,3,2,1,1,2,2,1,4,4,2,3,3,1,2,3,3,2,2,5,1,4,5,0,1,0,0,1,5,9,AEE
200,35,1,1,16,1,2,3,2,1,4,2,3,3,1,2,3,3,4,3,2,1,3,5,4,1,2,1,4,2,3,1,4,2,2,3,3,5,1,1,1,1,3,2,1,4,3,2,3,3,3,5,5,3,3,2,3,2,2,3,4,5,2,2,2,2,1,2,3,2,0,0,1,1,1,0,13,TEH
201,38,0,6,2,1,3,5,3,4,2,2,2,2,5,2,1,1,3,3,1,3,2,3,2,2,1,5,3,3,2,1,4,3,1,4,3,1,1,2,3,3,1,3,2,1,3,3,2,3,2,2,1,2,3,2,2,2,4,3,3,3,3,4,5,1,2,2,2,2,1,0,0,1,1,0,13,ESIIA
202,42,0,1,10,1,2,3,5,2,4,1,3,4,3,4,4,4,3,5,1,2,3,1,1,3,3,2,3,4,2,1,5,5,3,3,1,1,5,4,3,1,1,2,3,1,2,1,2,1,1,1,3,2,5,4,5,1,1,2,3,3,1,3,2,1,4,2,4,1,0,1,1,1,0,4,4,PIP
203,40,1,3,3,3,5,3,2,4,3,1,2,2,5,1,2,2,3,3,3,3,2,2,1,1,1,2,3,1,3,1,4,2,3,4,1,1,2,1,4,3,2,4,2,3,4,1,2,2,2,3,2,2,2,3,2,3,2,3,1,1,4,5,2,1,1,2,3,2,1,1,0,1,1,4,10,ISAIA
204,22,1,3,9,1,3,2,5,2,5,1,1,4,3,5,4,4,2,5,3,3,3,3,2,2,3,1,2,4,3,3,4,5,2,2,3,1,3,4,1,2,2,1,3,1,2,1,2,1,1,1,2,3,3,4,4,2,2,2,4,3,3,1,3,1,5,3,4,2,0,1,0,1,0,5,0,IAA
205,36,0,1,14,3,1,3,3,1,3,3,5,1,1,3,2,3,2,4,3,1,3,1,1,3,5,1,1,1,1,3,5,2,2,1,3,1,2,3,1,1,2,1,2,1,2,1,3,3,3,1,3,2,2,3,1,5,2,4,3,2,3,1,3,3,3,5,1,2,1,1,1,0,1,3,8,ICMP
206,38,0,5,9,1,2,2,5,3,4,1,1,5,1,5,5,5,1,4,1,2,3,2,1,2,2,3,3,4,1,1,3,4,2,3,2,2,3,4,1,3,2,3,1,3,3,1,2,1,1,2,1,1,3,4,5,3,2,3,5,3,2,1,2,2,5,2,4,2,1,1,1,1,1,2,6,IAA
207,18,1,2,13,2,2,3,1,2,4,4,4,1,3,3,2,2,2,1,2,5,2,2,3,3,3,1,1,3,3,2,4,1,4,1,4,2,3,2,3,3,2,1,3,2,3,3,4,1,2,3,3,5,1,1,1,5,2,2,3,2,2,2,1,2,4,3,1,2,1,0,0,1,0,3,7,GCA
208,28,0,4,7,2,3,3,2,3,3,1,1,3,3,3,2,2,2,3,4,1,5,2,1,5,2,2,1,3,5,2,5,3,1,1,1,3,2,2,2,2,1,4,3,5,1,3,2,1,3,2,5,2,3,2,3,1,3,1,3,1,3,1,3,4,3,1,3,2,0,0,1,1,1,2,14,EMP
209,38,0,1,4,3,2,2,3,3,5,2,1,2,3,2,1,3,2,1,4,1,5,2,4,2,1,3,3,2,5,4,5,2,3,3,1,1,1,1,2,1,1,1,3,4,1,3,2,1,2,2,4,3,1,1,2,1,2,2,1,1,2,1,1,5,1,2,1,2,0,1,0,1,1,2,3,CAA
210,36,1,0,12,1,3,3,3,3,3,1,4,1,2,3,3,2,3,2,2,4,1,1,3,2,5,5,3,1,2,1,3,2,2,2,1,2,2,2,1,2,3,2,4,3,1,3,5,2,5,1,2,5,1,1,1,3,3,1,1,3,1,1,3,2,4,1,3,1,1,1,1,0,1,0,14,EMII
211,22,1,4,16,1,2,1,1,1,4,1,2,2,3,2,2,3,5,1,1,2,1,5,3,3,1,2,4,3,2,3,5,3,1,1,1,4,2,1,1,2,1,1,2,5,2,3,2,1,3,4,5,2,2,2,1,2,3,3,5,4,2,2,3,3,1,1,1,3,0,0,0,0,0,4,4,TEH
212,25,0,1,3,3,4,4,3,4,3,3,3,3,5,2,1,2,2,2,3,1,3,3,1,3,2,3,1,1,1,1,3,3,1,3,1,2,2,1,5,4,2,5,1,3,5,2,2,1,2,3,2,3,2,1,3,2,3,3,2,2,4,4,2,2,3,2,3,1,1,1,0,1,1,3,8,ISAIA
213,21,0,2,4,1,1,3,3,2,3,2,2,2,2,3,1,3,1,2,4,1,4,1,4,3,3,2,3,3,4,4,5,2,3,1,3,3,1,2,1,1,3,1,3,4,3,1,3,3,2,1,5,1,2,2,2,3,2,2,2,2,1,3,2,4,1,2,3,3,1,0,0,0,1,0,7,CAA
214,42,1,6,5,1,2,1,3,2,4,3,1,1,2,1,1,2,1,2,4,3,4,1,5,1,3,2,2,1,4,3,4,3,1,3,3,2,1,3,2,2,1,3,3,5,1,1,3,2,2,1,5,2,1,3,2,2,3,1,3,3,2,2,1,4,1,3,3,3,1,0,1,1,1,0,1,FIC
215,44,1,1,8,2,3,3,5,2,5,2,2,4,1,4,5,4,3,5,1,3,2,3,2,1,3,2,3,5,3,3,5,5,1,3,1,3,3,3,3,1,1,1,2,3,3,3,3,2,2,3,3,1,2,5,5,3,3,1,2,3,3,2,3,1,4,3,4,1,1,0,1,1,0,4,13,BIO
216,29,1,1,8,1,2,2,4,2,4,3,3,5,1,4,5,5,2,4,2,1,2,2,3,3,3,1,2,5,1,3,3,5,2,3,2,3,1,4,1,2,3,2,2,2,2,2,1,1,2,1,1,1,3,5,5,3,3,1,2,3,3,1,1,1,4,3,5,2,0,1,1,1,0,5,1,BIO
217,37,0,0,9,1,2,1,4,3,3,3,2,4,2,4,4,4,1,5,3,1,1,1,2,1,1,3,2,5,2,3,5,4,2,1,3,3,2,5,3,2,3,2,3,2,2,2,2,2,1,2,3,2,1,4,5,3,1,3,4,1,3,3,2,3,5,1,4,3,1,0,1,1,0,2,7,IAA
218,36,0,6,15,1,1,3,2,3,5,1,2,2,3,1,1,3,5,1,3,2,3,5,5,1,3,3,5,2,3,1,4,1,3,2,2,3,3,3,2,2,1,3,3,5,1,3,3,3,2,1,3,1,3,2,3,1,1,3,1,5,3,1,3,1,1,3,1,1,0,1,0,1,0,0,6,TEE
219,43,0,3,12,1,2,1,1,2,4,1,5,2,2,1,1,2,2,1,1,5,3,3,1,2,5,4,3,2,1,3,3,3,1,3,2,1,1,1,3,1,1,2,5,2,1,3,5,2,4,1,1,5,1,3,1,4,1,3,1,3,2,3,1,2,4,3,1,2,0,0,0,1,1,0,10,EMII
220,36,0,5,5,2,1,3,1,3,4,2,3,3,2,2,1,3,3,1,5,1,5,1,4,2,1,2,1,2,4,2,5,3,3,1,3,1,3,3,2,3,3,3,3,5,3,3,1,2,2,1,5,1,2,3,2,2,2,2,1,2,1,2,1,5,3,2,3,2,1,1,1,0,0,0,1,FIC
221,36,1,3,9,1,3,2,4,3,3,1,2,5,1,5,4,5,3,4,3,2,3,3,1,1,1,2,1,4,3,2,3,4,2,1,3,3,3,3,1,2,1,3,1,2,1,1,3,2,1,2,1,2,2,4,4,1,3,1,5,2,3,3,3,3,5,1,5,2,0,1,1,1,1,4,3,IAA
222,26,0,3,15,2,1,3,2,1,5,3,1,1,3,1,1,1,5,1,1,3,2,4,5,2,3,3,5,2,3,2,4,3,2,1,1,2,1,1,3,2,1,1,3,4,2,2,1,1,1,1,2,1,1,3,1,1,2,3,2,5,3,1,2,3,1,3,3,1,0,1,0,0,0,1,4,TEE
223,29,0,5,5,1,2,2,1,2,5,1,1,1,3,1,2,3,3,2,4,2,4,1,5,3,1,1,3,2,4,1,5,1,2,3,3,1,3,3,1,3,2,2,1,4,1,3,1,1,2,1,4,2,3,1,1,3,1,3,3,1,1,3,2,5,2,3,3,2,1,0,1,1,1,5,10,FIC
224,33,1,1,14,3,2,1,1,2,5,3,4,2,2,1,2,3,1,5,2,1,1,2,2,3,4,2,1,3,2,1,4,2,2,2,3,2,2,2,2,2,2,2,3,2,1,3,5,1,1,1,3,1,3,1,3,5,3,5,2,3,2,2,3,2,1,5,1,2,0,1,1,1,0,0,5,ICMP
225,39,0,2,5,1,2,1,3,1,4,3,3,1,2,3,3,3,1,3,5,3,4,1,5,2,2,1,3,1,5,2,5,3,3,3,3,1,3,1,1,1,1,1,1,5,1,2,2,1,3,1,4,2,1,2,3,2,3,2,2,2,3,1,2,5,1,3,1,1,0,1,0,1,0,3,10,FIC
226,40,1,3,15,1,1,3,1,2,3,1,1,2,2,2,2,1,4,3,3,2,2,4,4,1,2,3,5,2,1,2,3,1,1,3,2,3,2,1,1,3,1,3,2,5,3,1,2,3,2,1,3,3,2,1,2,2,1,3,2,4,2,2,1,1,3,1,3,2,1,1,1,1,0,1,12,TEE
227,39,0,3,14,1,3,1,3,3,3,2,5,1,2,2,2,1,3,5,3,2,2,2,3,2,5,3,2,1,2,3,4,3,1,2,2,2,1,2,3,1,3,2,3,1,1,1,3,1,1,1,2,1,1,3,1,3,1,4,3,1,3,2,3,1,1,5,3,2,0,0,0,0,0,5,14,ICMP
228,23,0,6,2,1,4,5,1,3,1,3,1,2,4,3,3,1,2,1,3,2,3,3,1,2,2,4,2,1,3,1,3,1,1,4,1,3,3,1,5,3,3,1,1,1,4,1,1,2,3,3,2,3,2,3,3,2,4,2,2,2,3,3,4,3,3,2,2,1,0,0,0,1,1,5,0,ESIIA
229,20,0,5,13,2,1,3,3,1,4,5,4,3,2,3,2,2,2,3,2,5,2,2,2,2,3,3,1,1,3,1,3,3,5,2,5,2,2,2,2,2,2,1,1,3,2,2,3,1,2,2,3,4,2,2,1,4,3,1,1,3,1,1,1,1,5,2,1,2,1,0,0,1,1,0,13,GCA
230,25,0,3,8,2,2,2,4,2,5,1,2,4,1,5,5,5,1,4,3,2,1,2,2,1,2,3,1,5,3,2,5,5,3,1,3,1,3,4,2,3,2,3,1,2,3,2,1,1,2,2,2,1,1,5,4,2,3,2,2,3,2,3,2,3,4,1,5,3,0,0,0,1,1,4,5,BIO
231,21,0,0,16,2,1,3,2,2,5,3,2,1,2,2,1,2,4,2,1,2,1,4,5,1,2,2,5,3,1,2,4,2,2,3,3,4,3,1,3,3,1,2,3,4,3,1,3,3,2,4,5,2,3,1,2,2,1,1,5,4,1,3,3,2,1,2,2,1,1,1,0,1,1,0,4,TEH
232,26,0,3,14,2,1,3,1,2,3,1,4,2,3,2,2,1,2,5,3,1,3,2,3,2,5,1,2,3,1,3,4,2,3,3,1,3,1,3,3,3,1,2,1,1,1,1,3,3,1,3,1,1,2,2,2,3,2,5,1,2,2,3,1,3,2,5,3,1,0,0,1,0,0,4,13,ICMP
233,25,0,3,8,3,1,1,4,2,3,1,1,4,1,4,5,5,2,5,1,3,2,2,1,3,3,3,2,4,1,1,5,4,1,1,3,2,1,4,3,1,3,2,3,1,2,1,1,3,1,3,3,3,2,5,5,3,2,1,1,3,2,2,1,2,5,2,4,3,1,1,0,1,1,1,1,BIO
234,30,1,3,1,1,3,5,3,5,2,3,3,1,5,2,2,2,1,3,3,1,3,2,1,3,1,2,1,1,1,2,3,2,3,4,3,2,2,2,5,3,2,2,3,3,4,3,1,4,3,1,1,1,3,1,1,2,4,2,2,2,3,5,1,1,1,2,1,3,0,1,1,0,1,2,0,IMTICIA
235,42,0,0,9,1,2,2,4,1,5,3,3,4,2,4,4,4,1,4,2,3,3,3,2,2,1,3,3,5,1,3,5,4,1,1,2,3,2,3,1,2,2,2,2,1,1,3,1,3,1,2,3,2,3,5,4,2,1,3,5,1,1,3,2,1,4,3,5,3,1,0,0,1,1,0,5,IAA
236,44,0,1,14,3,2,3,3,3,3,2,5,2,1,3,2,2,2,5,2,1,3,2,3,3,5,2,2,1,3,2,3,2,2,3,2,2,3,3,1,1,2,3,3,1,3,2,5,3,3,1,3,1,1,3,2,3,2,4,3,3,1,3,1,3,1,5,3,3,0,0,1,1,0,1,13,ICMP
237,35,1,2,11,5,1,3,5,3,4,3,1,4,3,5,4,4,3,4,3,1,2,1,1,3,2,1,2,5,1,3,5,4,1,1,1,1,2,3,1,1,3,1,1,2,2,1,2,2,3,2,1,3,3,5,5,2,2,1,2,2,3,3,2,3,4,3,5,4,1,1,1,0,1,4,13,AEE
238,42,0,0,12,3,3,3,2,3,4,1,5,1,2,1,2,2,3,1,1,4,3,3,3,1,5,5,3,2,1,3,4,1,2,2,3,3,2,1,3,2,1,1,4,3,3,1,5,2,4,3,1,5,2,3,3,4,3,3,3,1,2,3,1,3,5,1,2,2,0,0,1,1,1,0,2,EMII
239,24,0,1,2,2,5,5,1,4,1,2,1,1,4,3,3,2,1,3,2,3,1,1,1,1,1,4,2,2,2,3,4,1,3,5,3,2,3,3,3,4,2,1,2,2,5,3,2,1,1,1,2,3,2,2,2,3,4,1,1,1,1,3,4,3,1,2,3,3,1,1,1,0,0,3,1,ESIIA
240,25,0,1,1,3,5,4,1,4,1,3,1,1,5,3,2,3,3,1,2,1,2,1,2,1,1,3,2,2,2,1,3,1,2,5,3,3,3,1,3,5,1,3,1,1,4,3,1,4,1,3,2,3,2,1,2,2,4,2,1,2,2,3,1,3,3,2,2,2,0,0,1,1,0,1,8,IMTICIA
241,33,1,2,9,1,2,1,4,3,3,3,1,5,2,5,5,5,3,5,2,3,3,2,2,2,3,2,2,4,2,2,3,5,2,3,3,3,3,3,2,3,2,2,2,3,3,1,2,2,1,3,1,2,2,4,5,3,3,2,5,2,3,2,3,3,4,3,4,3,1,0,1,1,0,4,9,IAA
242,23,0,3,16,2,3,1,1,3,5,2,1,3,2,2,1,2,5,3,2,3,2,5,3,2,3,1,5,1,2,3,4,1,1,1,2,5,2,3,3,2,3,3,2,4,2,1,2,3,2,4,5,2,2,2,1,1,1,1,5,4,1,1,2,1,3,3,2,1,0,1,0,0,0,0,5,TEH
243,27,0,1,8,3,3,3,5,3,4,1,1,4,3,5,4,4,2,4,3,3,1,1,1,3,3,3,2,5,1,1,3,5,1,1,2,3,1,3,1,2,1,1,1,3,2,2,3,3,2,2,1,1,1,4,5,3,2,2,1,3,2,3,2,1,5,1,5,2,1,1,0,1,1,4,9,BIO
244,29,0,0,6,3,3,2,1,2,3,1,2,2,2,2,1,3,2,1,2,3,5,1,4,3,3,1,2,3,4,5,5,2,2,2,1,2,2,3,2,2,4,2,2,5,1,2,2,2,2,1,4,1,3,3,3,3,3,1,1,2,2,1,1,1,3,1,1,3,0,1,0,1,1,0,2,DTJA
245,26,1,1,13,2,2,1,3,1,3,4,4,3,3,3,1,2,3,2,2,4,1,1,1,3,3,1,1,1,2,1,5,1,5,3,5,3,1,1,3,1,1,1,2,1,2,3,3,3,3,1,2,4,1,1,2,3,1,1,3,2,3,2,2,1,5,1,3,1,0,0,0,0,1,0,4,GCA
246,34,1,3,14,2,3,3,3,2,5,2,5,3,3,3,3,2,2,5,1,3,2,1,1,1,4,3,2,2,1,3,4,2,2,2,2,1,2,2,1,1,1,2,3,1,2,3,5,1,3,2,2,1,1,1,1,4,2,5,2,2,3,2,2,1,2,4,2,1,0,0,0,1,1,0,7,ICMP
247,38,1,0,12,2,2,3,3,2,3,2,4,2,2,1,2,3,1,1,1,4,3,3,3,2,4,4,3,1,3,3,4,1,2,2,2,3,2,2,3,2,2,2,4,3,3,1,4,2,5,3,1,4,1,2,2,5,3,2,3,3,3,2,1,1,4,1,3,2,1,1,0,0,0,1,2,EMII
248,31,0,2,6,1,2,3,3,2,3,1,1,1,1,2,3,2,1,1,2,1,5,1,4,3,2,2,3,3,5,5,4,3,3,3,3,2,3,3,2,3,4,3,3,5,3,1,1,1,2,2,5,2,3,2,2,3,2,1,3,2,2,1,1,3,1,1,1,2,0,0,1,1,1,2,5,DTJA
249,20,0,3,9,3,1,2,4,2,4,2,1,5,2,4,5,5,1,5,1,2,2,2,3,1,2,2,1,5,1,3,3,5,1,3,2,3,2,3,1,1,1,3,1,1,3,2,2,1,3,3,1,1,1,5,4,1,1,2,5,3,3,3,2,3,4,1,4,2,1,0,0,0,0,3,13,IAA
250,43,0,1,6,2,1,2,3,2,5,3,1,3,2,1,1,2,3,2,1,3,4,2,4,3,2,1,2,2,4,5,4,2,3,2,2,3,3,2,2,1,5,3,2,4,1,2,1,3,1,1,4,1,3,1,1,1,2,1,1,3,1,2,2,3,2,3,1,3,1,1,1,0,1,5,3,DTJA
251,38,0,1,15,1,2,1,1,1,4,2,1,2,2,3,2,3,5,2,1,2,3,5,5,2,3,3,4,1,1,2,4,1,2,2,1,1,1,1,3,3,2,2,1,4,2,1,1,3,2,3,2,3,2,2,1,1,2,3,1,4,1,2,3,3,3,3,3,2,1,0,1,0,1,5,9,TEE
252,35,1,2,9,2,2,1,5,3,5,1,2,5,2,4,5,4,2,5,2,3,1,1,3,3,2,2,2,4,3,1,3,4,2,1,2,1,2,3,1,2,3,3,2,1,3,3,3,2,3,3,1,2,3,4,5,1,1,2,5,1,3,3,1,1,5,1,5,3,0,1,0,0,0,5,11,IAA
253,23,0,3,8,2,1,2,4,3,3,2,1,5,2,4,4,4,1,4,1,1,2,1,1,2,2,1,3,5,3,1,4,5,1,2,1,2,1,4,1,3,2,3,1,3,1,1,1,1,2,1,3,3,3,4,5,3,2,1,2,2,2,1,3,2,4,1,4,3,1,0,0,1,1,2,10,BIO
254,24,1,0,11,4,1,3,5,1,5,2,3,5,2,4,5,5,1,4,1,3,3,3,1,3,1,2,2,5,1,3,3,5,1,2,3,2,2,3,1,1,2,3,1,3,2,2,1,2,2,2,1,3,2,4,5,2,3,2,2,1,1,2,2,1,4,1,4,5,0,0,1,1,1,4,2,AEE
255,36,1,1,6,2,2,3,3,1,5,3,3,3,3,2,3,3,2,1,2,1,5,2,4,3,2,2,3,1,4,4,3,3,1,1,2,1,2,2,2,3,4,2,1,4,1,2,1,1,3,3,4,3,1,2,1,3,3,1,1,3,3,3,1,2,1,3,3,2,0,1,0,0,1,1,10,DTJA
256,24,1,1,12,1,2,3,2,3,4,2,4,3,1,3,2,2,3,3,2,4,1,2,3,1,5,4,3,1,3,3,3,3,1,1,3,1,1,1,3,1,3,1,5,1,1,2,3,3,4,3,1,4,3,1,2,3,2,1,2,1,1,3,3,1,5,2,2,2,1,1,0,0,0,2,3,EMII
257,33,0,1,7,1,2,1,2,2,3,1,1,3,2,3,2,1,2,1,5,1,5,2,1,5,1,2,3,1,5,2,4,3,1,2,1,3,2,2,2,2,1,5,1,5,1,1,1,3,2,2,4,3,3,3,1,1,2,3,2,3,2,3,1,5,3,3,2,3,1,0,0,0,0,4,4,EMP
258,42,1,6,7,3,3,3,1,3,4,3,1,1,1,2,3,3,2,3,5,1,5,1,1,4,3,2,3,2,5,3,4,3,1,3,2,3,3,3,3,2,1,5,2,4,1,2,1,2,2,2,4,3,2,2,1,2,3,1,3,1,1,3,1,4,2,1,1,2,1,0,0,1,0,1,3,EMP
259,29,0,1,6,3,2,1,2,3,5,2,1,1,2,1,3,1,1,2,3,3,4,1,5,3,2,3,1,3,4,5,3,2,2,1,1,3,3,1,3,2,4,2,3,5,2,2,3,3,1,1,4,3,3,1,3,2,1,1,1,1,3,1,3,1,1,1,1,1,1,1,0,1,0,3,0,DTJA
260,41,1,1,3,3,4,5,2,3,3,1,1,2,4,1,1,2,1,3,1,3,2,1,1,1,1,1,1,2,1,2,3,3,1,4,3,3,3,3,5,5,3,5,2,1,5,3,3,3,1,2,2,1,3,2,2,2,2,3,1,3,4,3,2,2,2,3,2,1,0,0,0,0,0,3,6,ISAIA
261,19,0,2,4,1,1,1,1,3,5,3,1,1,3,3,1,2,3,3,4,2,5,2,4,1,1,2,2,1,4,4,5,3,1,3,1,3,2,1,2,3,3,3,1,5,2,1,3,2,2,1,4,1,1,3,3,1,3,1,1,2,1,3,3,4,1,3,1,2,0,1,1,0,0,4,5,CAA
262,30,0,4,10,3,3,2,5,2,3,1,3,4,3,5,5,5,3,4,1,1,2,3,3,1,2,2,2,4,3,2,4,4,1,3,1,1,5,3,2,2,3,2,1,2,3,3,2,3,1,2,2,3,4,4,5,1,2,3,1,2,2,3,1,2,5,1,5,3,0,0,1,0,1,1,6,PIP
263,37,0,6,14,3,3,3,1,1,3,1,5,1,1,2,2,3,1,4,2,3,3,2,3,1,5,2,1,3,1,2,5,1,3,3,1,2,2,1,1,3,1,1,3,2,3,3,4,3,1,3,3,3,3,3,3,4,2,5,1,1,1,2,3,1,2,5,1,1,1,1,0,1,0,4,4,ICMP
264,23,0,4,12,2,1,1,2,1,5,3,5,2,3,3,1,2,1,3,1,4,2,2,2,2,5,5,3,3,3,3,3,1,3,1,2,1,3,3,3,3,1,2,5,3,1,2,5,3,4,3,3,5,1,2,3,5,1,2,1,1,1,1,2,1,5,3,2,3,0,1,0,0,0,0,11,EMII
265,34,0,5,14,1,3,1,3,1,3,3,4,3,3,1,2,1,1,5,3,2,1,1,2,1,4,1,3,3,2,2,4,1,2,3,2,3,3,3,1,1,1,1,1,1,3,1,4,2,1,3,1,3,3,1,1,5,2,5,2,3,3,2,2,3,2,4,3,2,0,0,1,1,1,0,0,ICMP
266,27,0,4,2,3,5,5,2,3,3,2,1,1,4,3,2,2,1,3,1,2,1,1,3,1,1,4,1,1,2,2,4,2,2,3,1,2,1,3,5,5,2,1,3,3,4,3,1,2,3,1,2,1,2,2,2,2,4,3,3,1,1,5,4,2,1,1,1,1,0,1,1,1,0,4,12,ESIIA
267,30,0,2,0,2,5,3,1,3,1,2,2,2,3,2,3,3,1,2,4,2,3,2,2,3,3,1,3,1,3,2,4,3,1,3,1,2,3,1,5,4,1,2,2,1,4,4,2,1,1,1,5,3,3,1,1,1,5,2,3,3,1,5,1,3,2,3,3,3,0,1,1,0,0,4,7,IGGLIA
268,36,1,2,8,3,3,3,5,3,5,2,3,5,3,5,4,5,1,5,3,2,3,3,1,1,2,3,1,5,1,3,4,4,1,1,1,1,1,4,1,2,2,3,3,1,2,3,3,1,3,2,1,2,3,4,5,2,1,3,2,1,3,1,2,3,4,3,4,2,1,0,0,0,1,4,14,BIO
269,31,1,0,11,4,3,3,5,2,3,3,1,5,3,5,4,5,3,5,1,3,2,3,2,2,2,3,1,4,1,3,4,5,1,3,3,1,1,5,2,3,2,1,2,1,2,2,3,1,1,3,2,3,2,4,4,1,2,1,1,1,3,3,2,3,5,2,4,4,0,1,0,0,0,4,13,AEE
270,44,1,5,10,1,1,2,4,3,5,2,1,5,3,4,5,4,2,5,1,3,3,1,3,2,3,2,3,4,1,3,4,4,3,2,2,1,5,4,2,3,2,2,1,1,3,2,1,3,2,2,3,1,4,5,4,3,1,3,2,3,3,2,2,1,4,3,4,2,0,1,1,0,0,0,7,PIP
271,20,1,6,7,2,2,3,1,1,4,2,1,2,3,1,2,1,1,1,4,1,4,1,2,4,1,2,1,3,5,1,4,2,3,3,2,2,1,1,1,2,1,5,2,5,3,1,3,1,3,2,4,1,2,2,3,1,1,2,2,2,1,1,2,4,3,2,1,2,1,0,0,1,1,4,2,EMP
272,20,0,1,5,1,2,3,3,1,3,3,1,2,3,2,1,3,3,2,5,3,5,1,5,1,3,1,1,3,4,3,5,2,2,1,2,1,3,2,3,1,2,3,3,5,2,3,1,2,2,3,4,2,2,1,2,3,1,1,2,1,2,3,1,4,3,1,1,1,1,1,0,0,1,4,10,FIC
273,18,1,2,11,5,1,3,5,2,5,1,3,4,3,4,4,4,2,5,2,3,1,3,3,3,3,2,1,5,3,3,5,5,3,1,1,1,1,4,1,3,3,3,1,3,3,2,3,3,3,3,2,3,2,4,5,3,2,3,3,3,3,3,1,3,4,2,5,5,1,0,1,0,1,5,3,AEE
274,32,0,1,12,3,1,1,3,2,4,2,4,3,1,3,3,3,2,2,3,5,2,3,1,3,5,5,3,1,1,2,5,3,1,2,3,1,3,3,2,3,3,1,5,3,1,3,5,1,5,1,3,5,1,3,2,4,2,3,3,2,3,2,3,1,4,3,1,1,1,0,1,1,1,1,14,EMII
275,30,0,1,16,1,2,3,2,1,5,1,3,1,3,3,3,3,5,2,1,1,3,4,4,2,1,2,4,3,3,2,3,3,2,3,2,4,2,2,1,3,1,2,3,4,3,1,2,3,3,5,4,1,3,1,3,3,2,2,5,4,3,2,3,2,2,3,2,1,1,1,1,1,0,0,4,TEH
276,39,1,4,3,1,3,4,3,4,1,1,1,3,5,2,3,1,2,1,1,2,1,2,2,1,2,2,2,1,2,2,3,1,1,5,1,2,3,1,4,4,3,4,1,2,4,2,1,1,3,2,1,3,3,1,2,1,1,2,1,2,5,5,3,1,3,3,3,2,0,0,1,0,1,2,3,ISAIA
277,34,0,4,16,2,1,1,2,3,4,2,1,2,3,3,2,2,5,2,2,1,1,5,5,2,3,2,5,3,3,2,5,3,2,2,2,5,1,3,1,2,3,1,1,5,2,1,1,1,1,4,4,2,2,3,1,3,3,1,4,4,1,3,1,2,2,1,1,1,1,1,1,0,0,3,6,TEH
278,39,0,1,5,3,3,3,2,2,5,3,3,2,1,2,3,1,2,2,5,3,5,3,5,1,3,1,1,2,4,2,4,1,1,3,1,1,3,3,1,3,1,1,1,4,1,3,1,3,1,3,5,3,1,1,2,3,1,1,3,1,2,2,2,4,1,3,3,2,1,0,0,1,1,3,1,FIC
279,23,1,5,14,2,2,2,2,3,4,3,5,2,1,2,1,3,1,5,1,3,1,3,3,3,5,2,3,3,1,3,3,2,1,3,1,3,2,1,3,2,1,1,2,3,1,1,4,3,3,1,3,3,3,1,1,4,1,4,1,3,3,3,1,3,2,4,1,3,1,1,0,1,0,3,2,ICMP
280,23,0,1,7,1,3,3,1,2,5,2,2,2,1,2,3,3,2,3,5,1,4,2,2,4,1,3,2,2,5,3,4,3,3,3,1,1,2,3,3,2,1,4,3,4,2,1,1,1,2,1,5,3,2,3,1,1,2,3,2,1,3,3,3,4,1,1,1,3,0,0,1,1,0,3,2,EMP
281,19,0,3,1,3,5,4,3,5,3,3,2,2,5,1,3,3,3,3,2,3,3,2,1,1,3,3,2,1,1,1,3,2,2,3,2,3,1,3,5,4,1,2,1,2,3,1,3,4,1,1,3,3,1,3,3,3,5,3,1,1,2,3,2,2,3,3,3,1,0,0,0,1,1,0,10,IMTICIA
282,20,0,0,15,2,1,3,1,3,3,1,1,1,1,3,3,2,5,2,3,1,1,4,5,3,3,1,4,1,2,2,3,1,1,1,1,3,3,1,2,1,3,2,3,5,1,1,3,3,3,1,1,2,3,1,2,2,2,1,3,4,3,1,2,3,3,2,3,1,0,1,0,0,0,1,12,TEE
283,38,0,5,12,1,3,3,2,1,3,3,5,2,1,1,3,1,3,2,2,5,1,3,3,3,4,4,3,3,3,3,4,1,3,3,2,1,1,1,2,1,1,2,4,2,2,3,4,3,5,2,2,4,1,1,2,3,3,1,1,1,2,1,2,1,5,3,1,2,0,1,1,0,0,3,0,EMII
284,41,1,0,14,2,3,1,2,1,3,1,5,3,3,1,2,2,2,4,3,3,3,1,1,3,5,1,1,1,1,1,5,2,2,2,3,3,2,2,2,2,3,1,2,2,3,3,4,2,2,2,1,1,2,2,1,3,2,5,2,1,1,1,3,1,1,4,1,1,0,1,0,0,1,2,12,ICMP
285,33,0,2,2,3,3,5,1,5,3,2,2,1,3,3,1,3,1,2,3,1,2,1,1,3,1,5,2,1,1,1,4,3,1,4,1,1,2,2,5,4,2,2,1,2,3,1,3,1,1,1,3,2,1,2,3,3,5,2,2,3,2,5,5,2,1,1,1,3,0,1,0,0,1,0,12,ESIIA
286,26,1,5,14,2,1,1,2,3,3,3,4,1,3,2,1,1,1,5,2,2,2,1,2,2,4,1,1,1,2,3,4,3,2,1,2,1,1,3,3,2,3,1,3,3,1,3,5,3,3,3,3,2,3,1,2,3,3,4,2,1,1,2,3,3,3,4,3,2,1,1,1,0,0,0,9,ICMP
287,39,0,2,14,3,3,3,2,1,4,2,4,1,1,2,2,1,2,5,3,2,1,1,1,2,5,1,1,3,3,3,5,3,3,2,3,3,1,3,2,1,1,3,2,1,2,3,3,1,1,2,1,3,2,3,1,3,1,5,1,1,3,3,3,1,3,5,1,3,0,0,1,1,0,4,1,ICMP
288,18,1,2,14,3,3,2,3,3,3,1,5,2,2,3,1,1,1,5,2,3,3,3,1,3,5,3,2,2,1,3,3,1,1,2,3,1,2,2,2,2,3,1,1,1,2,3,3,2,3,2,1,3,3,1,1,5,2,5,1,3,3,2,3,3,1,5,3,2,1,0,1,0,1,1,1,ICMP
289,43,0,3,8,1,2,2,4,2,5,3,1,4,2,5,4,5,3,5,2,1,2,3,3,3,3,2,1,5,3,1,5,5,3,3,2,3,2,4,3,1,3,2,3,2,1,2,2,3,2,1,1,2,1,4,5,1,2,1,1,2,3,1,3,2,5,3,4,1,0,1,1,0,0,4,2,BIO
290,30,0,6,8,3,2,3,4,2,3,3,1,4,2,4,4,4,3,4,2,3,3,3,1,1,3,2,1,4,1,2,5,5,1,2,1,1,1,4,2,3,3,1,2,2,3,1,1,2,2,2,2,1,2,4,4,2,2,3,1,1,3,2,2,1,5,2,4,2,1,0,0,1,0,3,14,BIO
291,45,0,4,0,1,3,4,1,4,2,2,3,1,3,2,3,1,2,3,5,2,3,2,3,3,3,3,1,3,3,2,5,3,3,4,2,3,2,3,4,5,1,2,2,3,4,5,3,1,1,1,4,3,3,3,1,1,5,2,1,3,2,5,1,2,1,1,2,1,1,0,0,1,0,2,3,IGGLIA
292,40,0,0,13,3,2,2,2,3,3,5,5,1,1,1,3,3,3,3,2,4,2,3,3,2,1,1,2,2,2,3,4,3,5,2,5,2,1,2,2,2,1,1,2,2,2,2,4,2,2,3,1,5,2,2,1,3,3,3,1,2,1,1,2,2,5,2,1,3,0,1,1,1,0,0,10,GCA
293,37,0,1,10,1,1,3,5,1,3,1,1,4,2,4,5,5,2,5,2,2,1,2,3,1,2,1,1,4,1,2,5,4,1,2,3,2,5,3,1,3,1,1,2,3,3,2,2,3,2,3,1,1,4,4,5,2,1,2,2,1,3,2,2,1,5,1,4,3,0,0,0,0,1,1,12,PIP
294,28,0,1,15,3,3,2,3,1,4,3,2,3,1,2,2,3,4,2,1,1,3,4,5,2,2,2,5,1,1,3,4,2,2,3,2,2,3,2,2,3,1,1,1,4,1,1,1,3,2,2,3,3,3,3,2,3,3,3,1,5,2,2,1,1,3,2,3,3,0,1,0,0,0,4,8,TEE
295,39,0,0,12,2,2,3,1,3,5,1,4,3,2,1,1,2,2,3,3,4,1,2,3,1,5,4,2,3,1,2,3,2,1,1,3,3,3,1,3,1,3,2,5,2,3,2,5,1,5,2,1,5,2,2,3,4,2,2,2,1,3,1,3,2,4,2,3,3,0,1,0,0,1,1,9,EMII
296,22,0,6,3,3,5,4,3,5,2,3,3,3,4,3,3,3,1,3,3,1,2,2,2,3,3,1,2,1,2,2,5,1,2,4,1,1,1,3,5,5,3,5,3,2,3,2,1,1,3,3,1,3,2,1,3,1,1,3,1,1,4,5,3,3,2,1,2,1,0,0,0,0,0,0,0,ISAIA
297,18,0,1,3,1,3,3,3,5,2,2,2,2,3,1,1,3,3,3,3,3,3,2,3,2,1,1,3,1,2,1,4,2,1,4,1,3,1,3,4,4,3,4,3,1,5,3,1,2,2,2,3,3,1,1,2,2,2,3,2,3,4,3,1,1,3,1,2,2,0,0,1,1,1,5,9,ISAIA
298,32,1,1,12,3,1,2,2,3,4,2,5,1,1,1,3,2,2,2,1,4,3,1,2,1,5,5,1,2,3,3,4,3,2,1,3,3,1,2,3,1,2,2,4,2,3,1,4,3,5,1,2,5,1,3,1,5,2,3,3,3,3,3,1,2,5,3,1,2,0,1,1,0,1,2,1,EMII
299,30,0,3,14,1,1,1,1,2,5,2,5,3,3,3,3,1,2,4,2,1,3,1,3,2,4,1,2,2,2,3,4,1,2,2,2,2,3,1,3,3,1,2,2,2,3,1,3,1,3,3,3,3,1,2,1,5,3,5,1,2,2,1,1,1,3,5,2,3,0,1,0,1,1,1,2,ICMP
300,44,0,3,3,2,4,3,2,4,3,1,1,3,3,1,2,2,1,3,3,1,3,1,1,3,2,1,3,2,2,2,3,2,1,3,1,2,2,1,5,3,3,5,3,2,3,1,1,2,3,3,3,1,1,3,2,3,2,1,1,1,5,3,2,3,2,1,2,1,0,1,0,0,0,3,0,ISAIA
301,45,0,4,5,3,1,2,1,2,3,3,1,3,2,1,2,1,3,1,4,1,4,2,4,2,3,2,3,1,4,2,4,3,3,1,3,3,2,3,3,2,3,2,1,4,3,3,2,2,3,3,4,2,2,1,3,2,2,2,1,2,3,1,3,4,2,1,2,3,0,0,0,0,1,1,2,FIC
302,42,0,3,11,4,3,1,4,2,4,1,3,5,2,5,4,5,1,5,3,1,2,2,3,2,1,3,2,5,1,3,5,4,3,2,2,3,3,3,3,2,1,2,1,2,3,2,2,1,3,1,2,2,1,5,5,2,3,1,2,2,2,3,2,2,4,2,5,4,0,0,0,0,1,5,5,AEE
303,19,0,3,3,3,3,5,3,3,1,1,1,1,4,3,2,1,3,3,1,1,2,2,3,2,3,2,1,3,3,1,3,3,1,4,3,3,2,1,4,4,3,4,3,1,3,1,3,1,1,2,2,3,2,1,1,1,2,3,1,1,5,3,2,1,3,1,2,3,1,1,1,0,1,1,13,ISAIA
304,21,1,3,15,1,2,3,3,1,4,3,3,3,3,2,3,1,4,3,1,1,1,5,4,3,3,1,5,3,1,1,5,3,1,1,2,2,1,1,1,2,1,3,3,5,1,1,3,2,3,3,1,1,3,2,3,3,1,3,2,5,1,2,3,3,2,1,1,2,1,0,0,0,1,5,9,TEE
305,38,0,3,0,3,3,3,3,4,3,2,2,2,3,3,1,2,3,2,4,3,1,3,1,3,2,2,3,3,2,1,3,1,2,4,2,2,1,2,4,3,1,1,3,2,3,4,2,1,2,2,5,1,2,1,2,1,5,3,2,1,3,3,3,1,3,3,3,1,0,0,1,1,0,0,11,IGGLIA
306,36,0,5,1,2,5,3,2,3,1,3,3,3,4,3,2,1,1,1,1,1,2,2,2,1,1,3,1,2,3,2,4,2,3,5,3,2,2,3,3,3,1,3,3,3,4,2,1,5,1,1,1,2,3,1,1,3,4,2,2,2,3,3,1,2,2,2,1,3,0,0,1,0,0,4,13,IMTICIA
307,25,1,3,5,1,1,2,3,1,3,3,3,3,3,1,1,2,3,1,5,3,4,3,5,3,1,2,1,1,5,1,5,2,2,3,3,1,3,3,2,3,3,2,3,5,1,3,3,1,2,3,4,3,1,2,1,2,3,3,3,1,1,3,2,4,3,3,2,1,1,1,1,0,0,5,2,FIC
308,41,1,1,5,1,1,3,1,3,4,3,1,3,1,1,3,1,1,2,4,2,5,2,5,3,1,3,1,3,4,1,4,2,3,3,3,1,3,1,3,1,3,3,3,4,1,1,3,1,1,2,4,1,1,1,3,2,2,2,1,3,1,1,2,4,1,1,3,1,1,1,0,1,1,2,0,FIC
309,29,1,3,1,2,4,4,2,4,3,1,3,3,3,1,1,3,1,3,1,3,1,2,3,3,3,1,2,2,2,3,3,1,3,5,3,1,1,1,4,3,3,3,2,1,5,2,2,4,1,3,1,1,1,2,2,1,4,2,2,3,2,4,2,2,1,2,1,3,1,0,0,1,1,2,4,IMTICIA
310,42,1,1,9,3,1,2,5,2,3,3,2,4,3,4,5,5,1,5,3,3,2,1,2,1,1,1,2,4,2,1,3,5,1,2,1,2,3,3,3,2,3,3,3,2,2,3,1,1,3,3,3,3,1,5,4,3,3,2,4,3,1,3,2,3,4,3,5,2,0,0,1,0,0,4,4,IAA
311,23,1,3,14,2,3,1,1,1,4,1,4,3,1,1,1,3,2,5,2,1,2,3,2,2,5,3,2,3,3,3,4,2,2,2,2,3,3,3,2,3,3,2,1,2,1,2,4,3,2,2,2,2,3,3,3,4,1,5,1,2,1,1,1,2,2,5,1,3,0,1,1,0,1,0,6,ICMP
312,28,1,1,4,2,2,2,2,1,3,1,1,2,2,1,1,2,3,3,4,2,4,2,4,2,1,3,2,3,4,4,3,2,1,2,2,2,1,3,1,2,3,2,1,5,1,1,3,1,1,3,4,2,3,2,1,1,1,1,2,3,3,2,1,5,2,1,1,2,1,0,1,1,1,1,10,CAA
313,19,0,1,15,1,3,3,1,3,5,2,2,3,1,1,2,2,5,1,3,2,2,5,4,1,1,2,4,1,2,1,5,1,3,3,2,1,2,3,1,1,2,2,3,4,1,1,1,2,3,1,3,1,1,2,1,2,2,3,1,4,2,1,3,2,1,3,3,1,0,1,0,1,0,5,3,TEE
314,24,0,1,3,3,3,5,2,3,3,1,3,3,3,3,3,3,2,1,2,1,3,2,3,2,3,3,1,1,1,1,3,3,3,4,1,3,3,1,5,5,3,4,1,2,4,2,3,3,1,2,1,1,1,2,2,1,3,2,1,2,5,3,1,3,2,1,3,1,1,1,0,0,0,2,1,ISAIA
315,33,0,1,0,2,5,5,1,5,3,3,3,1,5,1,2,3,3,2,5,3,2,2,2,1,2,2,2,1,1,1,3,3,1,3,1,3,3,1,5,3,3,2,2,1,4,4,3,3,3,3,4,1,3,2,2,1,5,1,3,2,1,4,3,1,2,1,3,3,1,0,0,0,0,1,10,IGGLIA
316,26,0,1,15,2,3,2,1,3,4,1,3,3,2,1,1,3,4,1,2,1,2,4,5,2,3,2,4,3,3,2,5,2,2,1,2,3,2,2,1,2,2,2,3,4,1,3,3,1,2,1,2,3,2,1,1,3,3,2,2,5,2,1,3,3,1,3,3,2,0,1,1,1,1,4,0,TEE
317,43,0,0,15,2,1,2,1,3,3,1,3,3,2,1,1,3,4,1,2,1,1,4,5,2,3,2,5,3,3,3,4,2,1,3,3,2,1,1,1,2,2,2,1,4,3,1,1,2,3,2,3,1,2,2,3,3,3,3,3,5,3,3,2,2,1,3,1,3,1,0,0,0,1,1,3,TEE
318,34,0,4,0,3,4,3,1,3,1,1,1,1,5,1,2,1,2,2,5,2,2,3,3,2,2,2,1,3,1,1,3,2,3,4,2,2,2,3,5,4,2,2,2,3,4,5,2,1,2,1,5,2,2,3,1,2,5,1,1,2,1,4,2,3,1,2,1,1,1,1,1,0,1,2,1,IGGLIA
319,22,0,1,11,5,1,1,5,3,4,3,1,4,2,5,4,4,3,4,2,2,3,1,2,2,1,1,2,5,3,3,5,5,3,2,2,2,2,5,2,1,2,2,2,2,3,1,2,3,2,1,2,3,1,5,4,3,1,3,2,2,3,2,2,1,5,2,5,4,0,0,0,0,1,3,2,AEE
320,41,1,6,15,3,3,3,3,3,4,1,1,1,1,1,3,2,4,1,3,1,1,5,3,2,2,2,5,1,2,3,5,2,2,2,2,3,1,1,1,1,1,1,2,5,3,2,2,2,1,1,3,3,1,3,1,1,1,3,2,4,1,1,1,3,2,2,2,2,1,0,1,1,1,5,8,TEE
321,43,0,3,13,1,1,2,3,2,5,5,4,2,3,2,2,2,1,1,1,4,3,3,2,1,1,2,1,1,2,1,5,3,4,1,4,1,2,2,2,1,2,2,1,3,1,1,4,1,3,2,3,5,3,3,3,5,3,2,3,1,1,3,3,2,4,3,2,2,0,0,0,1,1,4,1,GCA
322,26,0,0,14,1,2,1,1,1,5,2,4,1,1,3,3,2,2,5,2,1,2,2,3,1,4,1,1,3,1,3,3,1,1,1,1,2,2,3,1,1,1,1,1,1,1,1,4,2,2,2,1,3,3,1,3,4,2,5,1,2,2,1,2,3,3,5,2,1,0,0,1,1,0,0,14,ICMP
323,25,1,3,5,2,2,1,1,1,3,2,3,1,1,1,3,2,2,1,4,1,5,3,4,1,3,1,2,1,5,1,4,3,2,2,3,3,2,3,1,2,3,3,3,5,2,2,2,1,3,3,4,2,1,2,2,3,3,1,3,2,1,3,2,4,2,3,1,1,0,1,0,1,1,2,8,FIC
324,40,0,2,9,3,1,1,5,1,5,1,2,4,1,4,4,4,1,4,1,3,2,3,1,1,3,2,3,5,3,3,3,4,2,1,2,2,3,3,3,1,3,1,2,1,3,3,3,2,3,2,1,3,2,4,5,1,1,1,4,2,2,3,2,1,4,3,5,1,0,0,1,1,0,0,6,IAA
325,30,0,3,5,2,3,3,2,1,3,3,3,1,3,3,1,1,2,2,5,2,4,2,5,3,3,3,2,1,5,2,3,1,1,2,3,3,2,3,3,2,1,3,2,4,3,2,2,2,3,3,4,2,2,3,3,1,1,3,3,2,2,1,2,4,2,2,2,2,0,0,1,0,0,2,14,FIC
326,29,0,0,12,3,1,1,3,2,5,3,4,1,3,2,1,1,2,2,1,4,1,3,2,2,5,4,2,1,2,3,5,1,3,2,1,3,3,2,3,1,1,2,5,1,2,3,4,3,4,3,3,5,1,1,1,5,1,1,3,3,1,1,2,3,4,3,1,1,0,0,0,0,0,4,5,EMII
327,34,0,5,9,3,2,3,4,2,5,2,3,5,2,5,4,4,3,4,3,2,2,3,3,1,2,2,2,4,3,1,3,5,1,3,3,2,2,5,3,2,1,2,3,2,3,2,3,2,2,2,3,2,3,4,5,3,1,1,5,3,1,1,3,1,5,1,4,1,0,0,0,1,0,0,2,IAA
328,35,0,6,8,2,3,2,4,1,4,3,2,4,2,5,4,4,3,4,1,3,3,1,1,1,2,2,2,4,3,3,5,4,3,1,1,1,2,3,3,1,3,2,1,3,2,1,1,1,2,3,1,2,1,5,4,3,1,3,3,1,2,3,3,1,5,3,4,3,0,0,1,1,1,0,7,BIO
329,25,1,1,13,3,1,3,3,2,5,4,4,2,2,3,1,3,2,3,1,5,1,2,2,1,1,2,3,2,1,1,3,1,4,3,4,1,1,3,3,1,1,3,3,3,3,1,4,1,2,3,3,4,3,2,2,5,3,3,1,2,2,2,2,1,4,2,3,3,1,0,0,0,1,1,1,GCA
330,32,0,6,4,1,2,3,3,1,4,3,2,3,3,3,1,3,3,2,5,3,5,1,4,3,3,1,3,2,5,5,5,2,3,2,1,3,2,3,1,1,2,2,1,5,3,3,3,3,1,2,5,1,3,2,3,2,3,3,1,2,3,2,1,4,2,2,3,2,0,1,1,1,0,4,9,CAA
331,33,0,0,12,3,2,2,3,3,4,2,5,3,3,3,2,2,2,1,3,4,3,3,2,1,5,5,1,2,2,3,5,2,1,2,3,3,3,3,1,2,2,3,4,2,2,2,3,3,4,3,3,5,1,2,1,3,1,1,2,1,2,1,2,2,5,3,3,1,0,0,1,1,1,3,12,EMII
332,18,0,2,7,3,1,3,1,2,4,2,3,3,3,1,3,3,3,2,5,3,4,3,2,5,1,1,1,2,5,1,3,1,1,1,3,2,3,2,3,2,1,5,3,4,1,2,2,2,1,3,5,3,1,2,3,3,2,2,2,3,1,3,2,4,3,1,3,2,0,1,0,0,0,3,3,EMP
333,29,1,0,13,1,2,2,2,2,3,4,5,2,2,3,2,2,3,2,2,4,2,1,2,1,1,1,2,2,3,3,4,2,4,2,5,1,1,1,1,3,1,2,1,1,3,3,5,2,2,1,2,5,2,2,2,4,3,2,3,2,2,3,1,3,5,2,1,1,0,0,1,0,1,4,2,GCA
334,28,1,1,9,1,3,3,4,1,5,1,2,4,3,4,4,4,3,5,1,3,1,3,2,2,1,2,2,4,3,2,5,5,3,3,2,3,2,3,1,3,3,2,1,3,2,1,3,2,1,2,1,3,2,5,5,3,1,2,4,1,2,1,3,3,4,2,5,3,0,1,1,1,1,1,3,IAA
335,38,0,4,11,5,2,3,5,1,4,1,2,5,3,5,4,5,2,4,1,2,1,2,3,3,1,1,1,4,3,1,4,4,1,3,1,1,3,5,3,1,2,1,3,2,3,3,1,3,1,2,1,2,3,5,4,1,2,3,2,1,2,3,1,2,4,1,5,5,1,1,0,1,0,2,12,AEE
336,19,0,3,16,1,2,2,3,2,3,2,2,2,2,1,3,2,5,3,2,1,3,5,5,1,2,1,4,2,1,3,5,3,2,2,3,5,2,2,1,3,3,3,3,4,3,1,1,1,3,5,5,1,3,1,3,1,3,3,5,4,1,3,1,3,3,2,3,3,1,1,0,1,1,1,8,TEH
337,27,0,6,16,3,3,3,2,3,4,2,1,3,2,2,2,3,5,3,1,3,3,4,5,1,1,1,4,2,3,3,4,3,3,3,3,4,1,2,3,3,1,3,3,5,1,2,1,2,3,5,5,2,1,2,1,2,2,1,5,4,1,1,3,1,3,1,1,3,1,1,0,0,0,3,7,TEH
338,26,1,1,2,1,3,5,3,5,3,3,3,1,3,2,2,3,1,2,2,1,3,2,2,3,1,4,2,1,3,3,4,3,3,5,1,3,2,3,3,5,2,1,1,3,4,1,3,3,1,1,3,1,3,1,1,1,4,3,2,2,1,5,5,2,1,1,3,2,0,0,1,0,0,0,5,ESIIA
339,22,0,3,1,1,4,3,2,5,3,2,1,2,4,1,2,1,1,3,2,3,3,3,2,3,1,1,2,1,3,1,5,1,3,4,3,2,2,1,4,5,2,2,3,1,3,3,2,5,2,1,3,2,3,1,2,2,4,1,2,2,1,4,3,3,1,3,1,3,0,1,1,0,1,0,2,IMTICIA
340,42,0,2,13,2,1,2,1,3,3,5,5,2,1,3,3,2,1,1,1,5,2,3,1,2,3,3,2,2,2,1,4,1,4,1,4,1,2,1,1,2,1,2,2,1,2,1,5,1,2,3,2,5,2,1,3,5,1,3,2,1,1,3,2,3,4,2,2,2,1,0,0,0,1,5,8,GCA
341,42,0,1,14,2,1,3,1,2,5,3,5,1,2,1,2,2,1,4,3,2,3,3,1,1,5,2,3,1,1,2,3,3,3,3,1,3,2,1,3,2,2,3,3,2,3,1,5,1,1,2,2,2,2,1,2,3,1,4,3,1,3,1,2,1,3,5,1,1,0,1,0,1,1,4,0,ICMP
342,20,0,1,8,1,1,3,4,3,5,2,2,5,1,4,5,5,1,4,1,3,3,2,3,3,3,2,1,4,1,2,4,4,3,3,1,1,3,4,3,3,2,1,3,1,1,2,3,2,1,3,3,3,3,5,4,3,2,2,3,2,1,1,1,2,4,2,5,1,0,1,0,1,0,0,1,BIO
343,35,1,0,3,1,4,4,3,4,1,3,2,1,3,2,1,1,3,2,2,3,3,1,1,1,1,1,3,2,1,2,4,3,1,3,3,2,1,2,5,5,1,4,2,2,4,3,2,1,1,1,2,1,1,2,3,1,1,2,1,3,5,3,1,1,3,2,1,1,0,0,0,1,0,4,7,ISAIA
344,38,0,0,2,1,3,4,2,5,2,3,2,1,4,1,3,1,3,1,2,1,2,2,2,1,2,4,1,1,2,2,3,1,2,3,1,3,2,1,3,4,1,1,3,2,3,1,3,3,3,1,3,2,2,3,2,2,4,2,3,1,1,5,4,2,3,3,2,2,0,0,0,1,1,0,7,ESIIA
345,41,0,6,9,3,1,2,5,3,4,3,3,5,1,5,4,4,1,4,3,3,1,2,3,3,1,1,2,5,3,2,5,5,2,2,3,2,3,5,2,1,1,2,2,1,1,3,3,2,2,2,2,1,3,4,5,3,3,1,4,3,1,2,2,3,4,1,5,2,0,0,1,0,1,3,11,IAA
346,44,0,1,4,1,2,3,2,3,4,2,2,1,3,1,1,1,3,3,5,2,5,2,4,1,3,1,1,1,4,4,5,3,2,3,3,1,1,2,2,1,1,1,1,4,1,1,3,3,2,1,5,3,3,2,2,1,3,1,3,1,1,3,3,4,1,2,1,2,0,0,0,1,0,4,2,CAA
347,24,1,3,15,3,3,3,3,3,4,3,3,3,1,2,1,3,5,2,3,1,3,5,4,2,2,1,4,1,1,3,5,3,2,3,1,1,2,1,1,3,1,2,1,4,3,1,2,1,3,3,3,3,2,3,2,2,3,1,3,5,1,1,1,3,2,3,1,1,1,0,1,0,1,2,0,TEE
348,28,0,3,14,3,2,2,3,3,4,2,5,2,1,3,1,1,1,4,2,3,3,1,1,3,4,3,3,1,1,3,3,3,2,3,2,1,1,2,1,1,3,2,3,1,2,2,5,2,1,2,1,2,3,1,2,4,1,4,2,2,1,1,2,1,1,4,3,1,1,0,0,1,0,3,12,ICMP
349,29,0,1,10,2,1,1,4,2,5,1,1,4,2,5,5,4,1,4,1,3,1,3,1,2,1,1,1,4,1,1,5,5,1,2,1,1,4,5,2,3,3,2,1,2,3,2,2,2,1,3,2,2,5,4,5,3,1,1,2,2,1,3,2,2,4,1,4,2,0,0,1,1,0,5,4,PIP
350,45,0,1,15,3,2,1,2,2,5,1,1,2,1,3,3,1,5,3,1,2,2,4,5,2,2,3,5,2,3,2,3,1,2,1,3,2,2,3,2,3,2,3,2,5,2,1,3,1,3,1,3,1,2,1,1,2,1,3,2,5,2,1,1,1,2,2,1,2,0,1,1,1,0,5,2,TEE
351,28,1,2,2,2,5,5,2,3,2,2,3,1,3,2,3,3,2,2,3,1,1,1,3,3,3,5,1,3,3,1,5,1,2,3,1,3,2,1,4,3,2,3,3,2,5,3,1,3,1,3,3,2,3,2,3,1,5,2,2,1,2,3,4,1,1,1,1,2,1,0,1,0,0,1,0,ESIIA
352,40,0,1,3,3,5,4,1,3,2,1,1,3,5,3,3,2,1,1,1,1,1,3,1,1,3,2,3,3,3,3,3,1,1,4,1,1,1,2,4,3,1,4,3,2,5,1,3,2,3,3,2,1,3,1,3,2,1,2,3,3,4,5,3,2,1,3,3,2,1,1,1,0,0,0,7,ISAIA
353,25,0,1,10,1,1,2,4,3,5,3,2,4,2,4,5,4,3,4,2,1,2,1,2,1,3,3,3,4,3,2,3,4,1,3,3,3,5,4,2,2,1,3,1,2,2,1,1,2,2,3,1,1,4,5,4,3,3,3,3,2,2,2,3,1,4,1,5,3,1,0,0,0,1,5,2,PIP
354,30,0,4,3,2,5,5,2,5,2,2,2,2,5,2,1,2,2,3,3,2,1,2,3,3,1,1,3,2,3,3,3,1,2,3,3,1,2,2,3,4,1,4,2,1,3,1,2,1,3,3,2,1,2,1,3,3,3,1,3,3,4,5,1,2,3,2,3,1,0,0,0,1,0,4,9,ISAIA
355,44,0,5,2,1,3,3,2,3,2,2,3,2,5,3,2,3,2,2,3,1,1,3,3,2,1,5,3,1,1,1,4,1,1,4,2,2,2,1,4,5,3,2,1,2,4,1,3,2,2,3,1,1,3,1,2,2,5,1,1,1,3,4,5,3,1,2,2,2,0,1,0,1,0,1,6,ESIIA
356,22,0,1,0,3,4,4,2,4,2,1,1,2,3,2,1,1,2,1,4,3,2,1,2,2,2,3,2,3,3,1,4,3,3,3,1,1,2,2,4,3,3,1,1,2,4,4,2,3,2,3,5,3,1,2,1,1,4,2,2,2,3,5,2,1,2,1,3,3,1,0,1,1,1,1,0,IGGLIA
357,38,1,3,14,1,2,1,3,1,4,1,5,2,2,3,1,2,3,4,1,3,2,3,3,2,4,2,3,3,1,2,5,3,2,3,3,1,1,1,3,2,2,1,2,1,2,1,5,3,3,1,2,1,3,2,3,3,2,5,2,2,1,2,1,3,3,5,2,2,0,1,1,1,1,1,2,ICMP
358,45,0,3,13,1,1,3,2,1,3,5,4,2,3,1,2,3,1,1,1,4,1,3,1,2,1,1,1,2,2,3,4,2,4,2,4,2,1,1,2,1,3,3,2,1,2,2,5,2,3,3,1,4,2,1,1,4,3,1,1,3,1,1,1,1,5,3,3,1,0,1,0,1,1,2,1,GCA
359,31,0,5,1,2,4,3,1,3,2,1,2,1,4,3,1,1,2,3,1,1,1,2,2,1,2,2,2,3,1,1,4,1,3,4,2,2,1,3,3,5,1,3,1,3,4,2,2,4,1,2,3,3,3,3,2,1,4,3,3,1,1,4,3,1,2,1,3,1,0,0,1,0,1,4,4,IMTICIA
360,19,0,2,13,2,2,2,3,2,3,5,4,3,3,2,2,1,3,2,2,5,1,2,3,1,3,3,2,2,1,2,5,2,5,2,4,1,1,3,1,3,3,1,3,1,3,1,3,1,1,2,2,4,3,1,2,4,3,3,1,3,1,1,1,2,4,1,1,1,0,0,0,1,0,0,12,GCA
361,38,1,1,11,4,1,3,4,2,4,2,3,4,1,5,5,4,3,4,1,1,1,2,1,2,1,3,2,4,1,3,3,5,3,3,3,3,3,3,1,1,2,2,1,1,3,1,2,2,3,2,2,3,3,4,4,1,1,1,2,2,1,1,2,2,5,3,5,5,0,0,0,1,0,3,13,AEE
362,38,0,1,8,2,2,3,4,3,3,1,2,5,1,4,4,5,2,4,3,2,1,2,2,2,2,1,3,5,2,2,3,4,3,1,3,2,1,4,1,1,1,3,3,1,3,3,3,2,2,1,2,1,1,4,4,1,2,3,1,2,2,1,2,1,5,1,4,1,0,1,0,0,1,2,9,BIO
363,38,0,2,14,1,2,3,3,2,3,1,4,3,3,1,3,2,3,5,3,3,1,3,1,3,4,2,3,2,2,1,4,2,3,2,3,1,1,1,1,3,3,3,2,2,1,2,5,1,1,2,2,3,3,3,2,4,2,4,3,2,3,3,2,3,3,4,3,3,0,1,1,1,0,2,2,ICMP
364,41,0,1,0,1,5,5,1,4,2,1,3,2,5,2,1,3,2,1,4,1,1,2,1,1,3,1,2,3,3,3,4,1,2,4,1,3,2,1,5,4,1,3,1,1,3,4,1,2,1,2,4,3,1,1,3,3,5,2,1,3,2,3,1,2,2,1,2,2,0,1,1,0,0,0,13,IGGLIA
365,38,0,3,9,3,1,1,4,3,3,1,2,4,3,4,4,4,2,5,1,1,3,1,2,1,3,1,2,4,3,1,4,5,3,1,2,2,2,4,1,3,3,2,1,2,2,1,2,2,1,3,3,3,2,4,4,3,2,1,5,1,1,2,2,1,5,2,4,1,0,0,0,1,0,0,14,IAA
366,27,1,6,8,2,1,1,4,2,4,2,2,4,3,4,5,4,2,5,3,2,3,2,2,2,1,2,3,4,2,3,4,4,3,1,2,2,1,4,2,2,1,3,3,2,1,1,2,3,3,3,1,1,2,4,4,1,2,3,1,2,2,2,2,1,5,1,4,2,1,1,1,0,1,3,7,BIO
367,23,0,1,0,3,4,5,1,4,1,2,3,3,3,2,3,2,1,1,5,3,3,2,1,3,1,1,3,2,1,3,4,3,2,4,3,2,1,1,4,5,2,1,2,3,5,4,1,3,1,2,4,2,3,2,1,2,5,3,3,2,3,3,2,1,2,3,3,2,1,0,1,0,1,4,1,IGGLIA
368,44,0,5,14,2,2,2,2,1,5,2,4,2,3,1,2,3,2,4,3,2,3,3,3,3,4,1,1,2,2,3,3,3,1,1,3,2,2,1,3,2,3,3,2,1,2,1,4,2,2,1,2,1,1,3,1,4,2,5,3,3,1,1,1,2,2,5,3,1,0,1,1,0,0,0,2,ICMP
369,31,1,2,13,3,3,2,1,3,3,5,5,2,1,3,2,3,3,1,2,5,1,3,2,1,2,3,1,3,3,3,5,3,5,2,4,3,2,3,2,1,3,3,2,3,1,1,3,3,2,1,2,5,3,1,3,4,3,3,2,1,2,2,1,1,4,1,2,1,0,1,0,0,0,4,9,GCA
370,33,0,1,5,3,2,1,1,2,3,2,3,1,3,2,2,3,2,1,5,3,5,1,4,1,3,3,3,3,4,1,5,1,2,2,3,3,3,3,1,1,2,2,3,5,2,1,2,3,1,1,5,3,2,1,1,2,2,3,3,1,2,1,3,5,3,1,1,3,0,0,1,0,1,2,13,FIC
371,30,0,6,0,2,5,3,3,3,2,3,3,3,3,1,2,3,2,3,4,3,3,1,2,1,1,2,1,1,2,1,5,1,2,5,2,1,2,1,3,3,3,3,3,1,5,4,2,1,2,1,4,3,2,3,1,3,5,2,3,2,1,5,1,2,1,3,3,3,1,0,1,1,0,0,8,IGGLIA
372,31,1,3,0,3,5,4,1,3,2,2,2,1,3,3,1,3,1,1,4,3,1,2,1,3,1,2,1,3,2,2,4,1,2,5,2,3,3,1,5,4,2,3,3,2,3,4,1,1,3,3,5,3,3,1,2,1,5,1,2,3,1,5,1,1,1,2,2,1,0,0,1,1,1,4,14,IGGLIA
373,25,0,3,1,2,3,3,2,3,2,2,1,3,4,1,2,2,1,3,2,2,3,1,3,3,2,2,2,3,1,1,4,3,2,5,3,1,1,2,5,5,2,2,1,3,4,2,3,5,2,1,1,1,1,2,1,2,5,2,3,3,3,4,2,3,1,1,2,3,1,1,0,0,0,5,2,IMTICIA
374,30,0,6,16,3,3,1,1,2,4,2,1,2,3,3,2,1,4,2,2,3,3,4,5,3,3,3,4,1,2,3,5,2,2,3,3,5,3,2,2,3,1,2,2,4,2,1,1,2,3,4,4,3,2,3,1,1,2,1,4,4,1,1,2,1,1,1,1,2,1,0,1,1,0,4,11,TEH
375,43,0,3,2,1,3,4,3,5,1,1,2,1,3,1,3,3,2,2,1,3,3,2,1,1,3,5,3,2,3,2,4,1,3,5,3,1,2,1,4,5,3,3,1,1,5,1,1,2,1,1,3,2,2,2,3,1,5,3,3,2,1,5,4,3,2,2,3,1,0,0,1,1,0,3,0,ESIIA
376,37,0,0,14,3,2,3,2,2,3,3,5,1,2,1,2,2,2,4,3,1,2,1,1,3,4,2,3,3,2,2,3,1,1,2,2,2,1,3,1,1,2,2,1,1,2,1,5,3,1,1,1,3,2,3,3,5,3,4,3,1,3,2,1,1,2,4,1,2,0,1,1,1,1,1,9,ICMP
377,42,0,2,0,2,5,5,2,3,1,2,1,1,5,2,2,2,1,3,4,2,3,1,3,3,2,1,2,3,1,3,3,3,3,4,1,2,2,2,3,4,1,3,1,3,4,4,2,2,3,3,4,3,3,1,2,2,5,2,3,3,2,5,2,1,3,3,1,2,0,1,1,0,0,1,9,IGGLIA
378,44,1,3,7,2,2,1,3,2,3,1,3,3,3,1,1,1,3,1,4,3,5,2,1,4,1,3,2,3,5,3,4,3,3,3,1,3,2,3,3,1,1,5,2,4,3,3,2,1,2,2,5,3,3,1,1,3,1,2,3,2,1,1,1,4,3,2,2,2,0,0,1,1,0,3,9,EMP
379,19,0,0,15,3,3,1,3,3,5,1,3,3,3,3,2,1,4,1,1,3,1,5,4,1,1,2,5,3,2,3,3,2,1,2,1,1,3,1,1,3,3,2,1,5,2,3,3,1,1,1,2,1,3,2,3,1,2,2,2,5,3,2,2,2,3,3,1,3,0,0,0,1,0,1,11,TEE
380,44,0,1,2,1,5,4,2,4,2,2,1,2,3,1,2,3,3,2,1,2,1,1,1,3,2,4,3,3,2,1,3,2,2,5,2,1,1,2,5,4,1,2,1,2,3,1,2,2,1,2,1,2,1,1,3,3,4,3,3,2,2,3,4,1,1,3,1,3,0,0,0,0,0,0,2,ESIIA
381,37,0,1,0,1,4,4,3,4,3,3,2,1,3,3,3,1,2,1,4,3,3,3,2,1,1,2,2,2,2,3,4,2,2,5,3,1,1,2,4,5,3,3,2,3,4,5,1,3,1,1,4,3,3,1,3,3,5,2,3,2,3,3,2,2,2,2,2,1,0,1,0,0,1,3,0,IGGLIA
382,40,0,0,10,2,1,2,4,2,5,2,1,5,1,5,5,4,2,5,1,1,1,2,1,2,3,2,1,4,2,1,5,4,1,2,1,3,4,4,2,1,2,2,1,2,3,2,3,1,2,1,1,2,5,4,4,1,3,2,2,2,3,2,1,3,5,2,5,1,0,1,1,0,1,4,1,PIP
383,42,0,2,2,3,5,4,2,5,2,3,2,3,3,2,2,2,1,3,1,1,2,3,3,2,2,5,2,3,1,2,5,2,1,3,1,3,3,2,4,5,1,3,2,1,3,3,1,3,1,1,1,3,2,2,2,1,4,1,1,3,3,5,5,1,3,1,1,3,1,1,1,0,0,4,14,ESIIA
384,28,0,1,4,2,2,2,3,3,5,1,2,1,2,2,1,3,3,1,4,3,5,3,4,1,1,1,3,1,4,4,4,3,1,1,2,3,1,1,1,3,2,2,1,4,2,2,3,1,3,3,4,3,1,3,2,2,2,1,2,2,3,2,1,5,1,2,2,2,0,0,0,0,0,0,13,CAA
385,43,0,1,12,3,1,1,2,3,5,1,4,2,2,2,2,1,1,1,2,4,2,2,2,3,5,4,2,1,1,3,4,1,1,2,1,2,3,2,1,3,3,2,4,3,2,1,5,1,5,3,2,4,1,2,2,3,3,3,2,2,2,3,1,2,5,2,1,2,0,1,0,0,0,1,6,EMII
386,43,0,6,6,3,2,2,2,3,3,2,3,2,2,2,3,2,3,3,1,1,4,3,5,3,3,3,3,2,4,5,5,3,3,2,1,3,3,3,2,2,4,2,3,4,1,2,2,2,1,1,4,3,1,3,2,2,1,1,1,1,3,3,3,3,3,3,1,3,0,1,1,1,0,1,0,DTJA
387,23,0,2,2,3,3,3,1,5,3,3,2,2,4,1,3,1,2,2,3,2,3,3,3,2,1,4,1,1,2,3,5,3,3,4,1,2,3,3,4,3,2,3,1,2,5,1,3,1,3,3,2,3,3,2,2,2,5,3,3,3,3,4,5,1,3,2,3,2,1,1,1,0,0,5,13,ESIIA
388,22,0,4,14,1,3,1,3,1,4,1,5,2,1,1,1,2,2,5,2,3,2,3,3,2,5,2,2,3,3,2,4,2,2,2,2,1,1,2,2,2,2,1,1,1,2,3,4,2,3,2,3,1,2,3,1,4,1,5,2,2,2,2,1,1,1,5,2,2,0,1,1,0,0,4,13,ICMP
389,24,0,5,6,2,1,3,1,2,4,1,3,1,2,1,1,2,1,1,3,2,5,1,4,3,3,2,1,1,4,5,5,1,3,3,3,3,1,1,3,2,4,1,2,4,3,2,3,1,3,2,5,3,2,1,2,2,1,3,2,1,1,2,2,3,2,3,1,2,1,0,1,0,1,4,6,DTJA
390,27,1,6,15,1,3,2,2,3,5,1,3,2,3,1,2,3,4,1,3,2,1,4,5,3,2,2,4,3,1,1,3,2,3,3,1,2,3,2,3,1,2,1,2,4,1,1,1,3,3,2,3,2,2,2,3,2,2,2,3,5,1,3,2,1,3,2,3,2,0,0,0,0,1,4,8,TEE
391,40,0,6,12,1,3,2,1,1,5,1,4,2,1,3,3,2,3,3,2,5,1,2,2,2,5,4,1,2,1,3,3,2,2,1,3,1,3,3,3,1,2,1,4,2,3,3,3,2,4,2,2,5,3,2,2,5,3,3,1,2,1,1,1,2,4,1,3,2,0,1,0,0,0,1,10,EMII
392,19,1,4,1,2,4,4,3,5,3,3,2,1,5,3,2,2,2,3,2,3,2,1,3,2,2,2,2,2,1,3,5,1,3,5,3,3,1,2,5,3,2,3,1,2,5,1,2,5,3,1,3,3,2,2,3,3,5,1,2,3,1,5,2,3,3,2,2,1,0,0,0,1,1,0,3,IMTICIA
393,39,0,0,12,3,3,3,1,3,4,3,4,3,3,1,1,3,3,3,3,5,3,1,3,1,4,5,1,2,2,3,5,1,1,1,2,3,1,1,2,1,3,3,4,2,3,3,3,1,5,3,3,5,3,2,3,4,1,1,3,2,1,2,2,2,5,3,3,2,0,0,1,1,1,0,7,EMII
394,25,1,4,14,3,1,1,2,2,4,3,4,3,2,2,3,1,2,4,3,1,3,2,3,3,4,3,2,3,2,2,3,2,2,3,3,1,1,1,2,1,2,2,1,3,3,1,3,1,3,2,1,1,2,3,2,3,2,5,3,3,1,3,1,3,3,5,2,3,1,0,0,0,1,4,10,ICMP
395,29,0,1,8,2,2,3,5,1,3,2,3,5,2,4,4,5,1,4,3,2,2,1,2,3,3,1,1,5,3,2,4,5,3,1,3,3,3,3,3,2,1,1,3,2,3,3,1,3,1,1,3,1,2,5,5,3,1,1,1,1,2,1,2,3,5,1,5,3,1,0,1,1,0,5,14,BIO
396,27,0,1,6,2,3,2,2,1,5,1,2,3,3,3,2,3,2,3,1,3,5,2,4,2,1,2,1,2,4,4,3,1,3,3,1,2,3,3,1,3,5,1,1,5,2,3,2,2,3,1,5,3,1,3,2,2,2,1,3,1,3,3,1,3,2,2,3,3,0,0,0,0,1,5,10,DTJA
397,41,0,3,11,5,3,1,4,3,3,2,2,5,2,4,5,5,2,5,1,1,1,2,3,2,1,2,1,4,1,1,3,4,2,3,3,3,1,3,1,3,2,2,3,1,2,2,2,3,3,1,1,2,2,4,5,1,3,2,2,2,1,2,2,1,4,1,4,5,0,1,1,1,1,2,4,AEE
398,45,1,4,4,1,3,2,1,2,3,2,1,1,3,3,2,3,3,2,5,2,4,3,4,2,3,2,2,2,4,5,5,1,1,1,3,2,1,1,3,2,2,1,3,4,2,2,3,2,3,2,5,1,1,3,3,1,3,1,2,2,1,1,1,5,2,2,2,3,0,1,1,1,0,0,1,CAA
399,26,0,3,3,3,5,4,3,4,1,1,1,3,3,2,1,3,2,2,1,2,2,3,2,2,1,3,1,1,3,3,4,3,1,3,1,3,3,3,4,3,1,5,1,3,3,2,1,1,2,1,2,2,3,2,1,3,1,1,2,3,4,5,2,1,1,3,3,2,1,1,1,0,1,4,13,ISAIA
400,31,0,3,1,1,3,4,3,5,1,1,3,1,4,2,1,3,3,1,1,2,1,1,1,1,1,1,3,2,2,3,5,2,3,3,3,2,1,1,4,5,1,1,2,1,3,2,2,5,1,1,2,1,2,2,3,3,4,1,1,2,2,3,1,3,3,1,1,1,0,1,0,0,1,1,9,IMTICIA
401,23,0,0,4,2,1,3,1,1,5,3,3,1,1,1,1,2,3,2,4,1,4,1,4,3,1,2,1,3,5,4,3,1,1,3,3,2,2,2,3,2,2,1,1,5,1,3,2,2,2,3,5,2,1,1,2,3,3,2,2,1,2,1,3,4,3,3,2,1,1,1,1,0,1,4,8,CAA
402,23,0,4,11,5,2,1,5,3,3,2,2,5,2,4,5,5,2,4,2,1,3,3,1,3,2,2,2,4,2,2,4,4,1,2,3,3,2,3,2,2,2,2,2,3,2,3,1,2,1,3,3,3,3,5,4,3,3,3,2,3,1,1,2,1,5,2,4,5,0,1,1,0,0,3,13,AEE
403,24,1,2,13,1,2,2,1,3,4,5,5,3,3,2,1,3,3,1,2,4,2,3,3,1,2,3,2,3,3,1,5,3,4,2,4,2,1,3,3,1,1,2,3,3,1,3,4,1,1,1,1,5,1,2,1,4,1,2,3,1,1,1,2,3,5,2,3,3,0,0,1,1,0,0,1,GCA
404,30,1,3,9,2,2,2,4,2,5,2,1,4,2,5,5,5,1,4,3,1,2,1,3,3,3,3,2,4,1,2,5,5,3,3,1,3,1,3,3,2,3,2,3,2,3,2,1,3,2,2,3,1,2,4,4,2,1,3,4,1,1,2,1,1,5,3,4,1,1,0,1,0,0,0,3,IAA
405,26,0,5,8,2,2,3,4,3,4,3,1,5,1,5,4,4,1,5,2,3,1,1,1,2,3,1,1,5,1,2,5,4,1,1,2,3,1,3,1,3,3,2,2,1,2,3,1,3,1,3,3,1,1,5,4,1,1,2,3,3,2,2,3,2,4,1,4,2,0,0,1,0,1,3,10,BIO
406,33,1,5,3,1,3,5,2,3,1,2,2,1,5,1,2,1,1,1,3,1,3,3,2,1,1,2,2,3,1,1,5,3,3,3,2,1,1,1,5,4,3,5,2,1,4,3,1,3,1,2,2,3,2,2,2,2,2,1,3,1,4,5,1,1,3,2,2,3,0,1,0,1,0,1,2,ISAIA
407,29,0,0,3,3,3,3,2,3,2,1,2,3,5,2,3,1,2,1,2,3,2,2,2,1,2,1,3,2,3,2,3,1,1,5,2,2,2,3,3,5,2,5,3,3,4,2,2,3,2,3,3,3,1,1,1,2,1,3,3,3,5,4,2,2,3,2,1,2,1,1,0,0,1,3,1,ISAIA
408,22,0,0,14,3,2,2,2,1,4,2,4,2,1,3,1,1,2,5,1,1,1,2,3,3,5,1,2,1,3,3,4,1,1,1,3,2,2,3,3,1,3,2,1,2,1,3,3,1,2,2,1,1,3,3,1,3,2,4,1,1,1,3,1,1,1,4,2,1,1,1,1,0,0,2,9,ICMP
409,19,0,0,9,3,3,2,5,3,3,1,2,4,3,4,4,5,3,4,2,1,2,2,1,1,3,3,3,4,1,2,4,4,3,3,3,2,2,5,1,3,2,3,1,1,1,3,1,1,1,2,1,3,2,5,4,2,1,3,5,1,3,1,3,2,5,2,5,2,1,0,0,0,0,3,10,IAA
410,18,0,4,7,2,3,3,3,1,5,1,2,3,3,1,3,1,1,1,5,2,4,3,2,4,2,2,3,2,5,2,4,3,3,2,3,1,3,2,1,3,3,4,2,5,3,3,1,3,2,2,4,3,3,3,2,1,2,1,3,1,2,2,2,5,1,1,2,2,1,1,0,0,1,1,7,EMP
411,20,1,2,13,3,1,2,3,3,3,4,5,1,3,1,3,2,1,2,3,5,3,3,1,3,3,2,2,2,2,2,4,1,5,1,5,3,1,1,3,1,2,1,1,2,3,1,3,2,1,2,3,4,2,1,3,4,2,1,2,3,1,2,3,2,5,2,2,3,0,1,0,1,1,0,4,GCA
412,29,0,1,5,1,1,3,1,3,4,3,3,2,2,1,1,1,2,3,4,3,5,1,4,2,1,1,3,2,5,1,5,3,3,1,2,1,1,2,2,1,3,1,1,4,2,1,2,2,3,1,4,2,3,1,3,1,2,2,3,1,2,1,2,4,1,2,1,1,0,0,0,0,1,3,13,FIC
413,18,0,0,11,4,3,3,4,1,5,1,3,4,1,5,4,5,3,5,1,3,1,1,1,3,1,1,3,5,2,1,4,4,1,2,2,3,3,5,2,3,2,1,3,3,2,2,3,2,1,3,2,3,3,4,4,1,2,2,3,1,1,3,1,1,5,3,5,5,0,1,1,1,1,2,4,AEE
414,32,0,3,7,3,2,2,1,3,5,3,1,1,3,2,2,2,2,3,5,2,4,2,1,5,3,2,1,1,4,3,3,3,1,3,3,2,2,3,1,2,3,4,3,4,1,1,1,1,3,1,5,2,3,3,3,2,1,2,3,2,3,2,1,5,1,1,1,1,1,0,1,0,0,4,6,EMP
415,41,0,2,16,2,1,2,1,1,4,1,3,2,1,1,1,1,4,2,2,1,3,4,3,3,3,1,4,1,2,2,4,3,3,3,3,5,2,3,1,1,2,3,3,5,1,2,3,3,1,5,5,2,3,1,2,1,3,1,4,4,1,2,3,1,2,2,1,3,1,1,1,0,1,2,12,TEH
416,45,1,0,7,1,2,1,2,2,4,1,1,2,2,3,2,2,2,3,5,2,5,3,2,5,3,2,1,1,5,3,4,3,2,1,1,2,2,3,1,2,1,5,3,4,3,2,2,2,3,2,4,1,3,1,2,1,2,2,3,2,1,3,1,5,3,1,3,2,0,1,1,0,0,0,1,EMP
417,31,1,3,9,1,1,1,4,2,4,2,3,4,2,5,5,5,1,5,1,3,2,3,3,1,2,1,1,4,3,3,5,4,1,2,2,3,3,3,1,1,2,3,3,1,3,1,3,3,3,2,2,1,3,5,5,2,3,2,4,2,1,2,3,1,4,3,5,1,0,0,0,0,0,0,13,IAA
418,41,0,1,1,2,3,4,2,5,1,1,1,2,4,3,3,2,1,3,1,3,3,3,2,2,3,3,3,1,3,1,4,1,2,5,3,2,3,2,4,5,1,1,3,2,4,2,3,4,1,1,1,2,3,2,1,3,4,2,1,3,1,3,1,2,2,2,1,2,1,0,0,0,0,1,10,IMTICIA
419,19,0,1,2,1,4,4,2,5,2,1,3,1,4,1,3,3,3,1,2,3,3,1,2,2,2,5,2,3,1,1,3,3,3,3,1,2,3,2,4,4,2,1,2,2,5,2,1,1,3,1,1,2,3,1,2,3,4,2,3,1,2,3,4,2,3,2,2,3,1,0,0,1,1,2,9,ESIIA
420,24,0,1,16,1,2,1,3,2,3,2,3,1,2,1,2,2,4,3,2,2,2,5,5,1,3,2,4,2,1,1,5,3,3,3,1,5,1,2,2,3,1,1,2,5,2,3,1,1,3,5,5,2,2,3,2,3,1,1,4,4,1,3,2,1,1,2,1,2,1,1,0,1,1,0,5,TEH
421,23,0,5,1,2,4,4,1,3,1,3,2,1,3,3,3,2,1,3,1,3,2,1,3,3,1,2,2,2,2,3,3,1,3,4,1,2,1,3,5,4,3,3,2,1,3,3,1,4,2,1,1,1,1,1,3,2,4,1,2,3,2,4,1,3,1,2,3,3,1,1,1,0,1,5,10,IMTICIA
422,21,0,3,15,2,2,2,2,2,4,2,1,3,3,3,3,2,4,1,2,2,1,4,5,3,2,1,4,2,1,3,4,3,3,2,1,2,3,1,3,1,1,1,3,4,2,1,3,3,1,2,1,2,3,2,2,3,1,2,1,4,2,2,3,3,1,1,2,1,0,0,0,1,0,2,0,TEE
423,19,0,1,16,3,3,1,3,2,4,2,3,2,3,1,1,2,5,3,3,3,1,5,4,1,3,1,4,2,3,2,4,3,1,2,2,4,3,3,2,3,2,2,3,4,1,1,1,1,2,4,5,2,2,1,3,1,2,2,5,5,3,1,3,2,3,1,2,1,0,0,0,0,1,4,1,TEH
424,39,1,4,9,2,1,3,4,3,4,2,1,4,2,4,5,4,3,4,3,3,3,1,1,2,2,3,1,5,3,3,3,4,1,1,1,3,1,5,1,3,3,3,1,1,3,2,3,1,3,1,2,3,1,4,4,2,3,2,4,2,3,3,1,3,4,3,4,1,1,0,1,1,1,0,12,IAA
425,30,0,5,13,1,3,1,1,1,5,5,4,2,3,2,2,3,2,2,1,5,3,1,1,1,1,2,3,3,1,3,5,1,4,3,5,2,1,3,2,3,3,2,1,1,3,3,3,3,2,1,3,5,3,1,2,4,3,2,3,1,3,1,2,2,5,2,3,1,1,1,1,0,0,2,3,GCA
426,35,0,3,13,2,1,1,3,3,4,4,5,2,1,3,1,1,2,2,2,5,3,3,3,1,3,3,3,1,2,3,4,1,5,2,4,1,3,3,3,3,3,3,3,1,2,2,5,3,1,2,3,4,1,2,2,5,2,2,2,1,2,2,3,2,5,2,1,3,0,1,0,1,0,5,14,GCA
427,21,1,0,9,2,2,2,4,3,3,1,3,5,2,5,4,5,1,4,2,3,2,1,1,3,2,1,1,4,2,2,5,4,3,2,3,2,2,5,2,1,3,1,3,1,1,3,1,1,1,1,3,1,2,4,4,3,3,2,4,2,2,1,3,1,5,3,5,1,0,0,0,0,1,3,13,IAA
428,38,0,1,3,1,3,4,3,3,1,1,2,1,4,3,3,2,1,2,3,3,2,2,1,2,3,3,2,1,3,2,4,3,1,5,2,2,2,3,5,4,2,5,2,1,5,2,3,2,1,2,3,2,2,2,1,2,2,3,1,2,5,5,2,3,3,3,2,2,0,1,0,1,0,4,14,ISAIA
429,38,0,2,11,4,2,2,4,2,4,2,3,5,1,4,4,5,2,5,3,2,1,3,3,2,1,1,3,5,3,3,3,5,2,1,3,2,3,5,2,3,1,2,1,3,2,2,1,2,3,1,3,1,3,5,5,2,1,3,1,1,2,1,2,1,4,3,4,5,1,0,1,0,1,1,12,AEE
430,39,0,3,11,4,3,1,4,2,3,2,3,5,1,5,4,4,3,4,2,2,1,3,1,3,1,2,1,5,1,1,3,5,3,2,3,3,3,5,1,1,2,3,2,1,1,3,3,1,1,1,1,3,2,4,5,1,2,2,1,2,2,1,3,2,5,1,5,4,0,1,1,0,0,3,10,AEE
431,29,0,6,11,5,3,2,4,3,5,1,3,4,2,4,4,5,3,5,2,2,2,3,1,3,2,3,1,5,1,2,3,4,2,2,1,1,2,4,2,1,1,1,3,2,2,2,2,3,3,3,1,2,2,4,4,2,1,3,2,3,1,3,3,2,5,1,4,4,1,0,0,1,0,0,13,AEE
432,37,0,6,7,2,3,2,1,2,4,1,3,2,3,3,3,3,1,1,5,2,4,3,1,4,1,2,1,3,4,2,5,2,1,3,2,3,1,1,1,2,3,4,2,5,2,1,3,1,3,1,4,1,1,2,1,2,2,2,2,2,2,1,3,4,1,3,2,2,0,1,1,0,0,3,11,EMP
433,38,0,2,6,3,2,1,1,1,5,3,1,3,3,2,2,1,3,3,1,2,4,2,4,3,3,1,3,2,4,5,4,1,2,1,1,3,1,2,1,3,4,3,1,5,1,3,1,1,1,3,4,2,3,1,2,2,1,3,2,2,2,1,1,2,1,3,3,3,1,1,0,1,1,1,9,DTJA
434,29,1,0,2,2,4,3,1,3,1,1,3,2,5,3,1,3,2,3,3,1,1,3,2,3,2,4,1,3,2,3,4,2,2,3,1,3,1,2,3,5,3,1,2,2,5,3,2,3,2,2,3,1,3,3,3,1,4,2,3,3,1,3,4,1,3,3,1,2,0,0,0,1,0,1,4,ESIIA
435,19,0,1,12,1,1,1,1,3,5,3,4,2,1,1,1,3,3,1,3,4,3,2,3,1,5,4,2,1,1,3,5,3,3,3,1,3,3,2,1,3,2,3,4,2,3,3,5,3,5,3,2,5,2,1,1,3,1,2,1,1,2,3,3,1,4,2,1,2,0,1,0,1,1,4,0,EMII
436,21,0,2,10,3,2,1,4,3,3,3,2,5,2,5,5,5,3,5,1,3,2,2,2,2,1,3,1,5,2,2,3,4,2,2,3,3,4,5,3,3,3,2,1,2,1,3,2,2,1,1,3,2,5,5,4,1,2,2,2,1,2,1,1,3,5,3,5,1,0,0,0,1,1,5,4,PIP
437,43,0,1,9,2,2,1,4,1,4,3,1,4,2,5,4,5,1,4,2,1,2,3,1,1,3,2,3,5,1,2,4,5,1,2,2,2,2,5,3,2,3,3,2,1,1,2,3,3,1,1,1,2,3,4,5,3,3,3,4,2,3,1,3,1,5,3,4,3,0,0,0,1,0,2,9,IAA
438,26,0,5,7,1,2,3,3,1,5,1,1,3,2,1,1,3,1,2,5,1,4,1,1,4,2,3,3,2,4,2,4,3,2,3,3,3,3,3,3,2,3,5,2,5,3,3,1,2,1,1,4,2,1,1,2,3,2,2,2,2,3,3,1,4,1,2,1,2,0,1,1,0,0,5,3,EMP
439,23,0,6,3,2,4,4,1,5,2,1,2,3,4,3,2,1,2,3,3,1,1,3,1,3,3,3,3,3,3,3,3,2,3,3,3,1,1,1,5,3,2,4,2,2,4,1,3,3,1,1,2,1,3,1,2,1,1,1,2,3,5,4,3,1,1,2,3,3,0,0,1,0,1,4,5,ISAIA
440,42,0,1,16,3,2,1,3,3,5,3,1,1,2,2,3,1,4,1,2,2,1,5,4,1,3,3,4,2,3,1,5,3,2,2,2,4,1,3,1,3,1,2,1,4,3,3,2,1,3,5,5,2,1,1,3,3,2,2,4,4,2,2,1,1,3,1,1,2,1,1,0,1,1,2,12,TEH
441,22,0,5,14,1,3,3,3,3,3,3,4,2,2,3,1,2,3,4,2,2,3,1,1,1,4,3,2,1,2,2,3,2,3,1,1,2,3,1,3,2,1,3,1,2,1,3,3,3,1,3,2,1,3,3,3,5,1,4,2,3,1,1,3,1,2,5,2,1,0,0,1,1,1,0,12,ICMP
442,22,0,3,8,1,3,2,4,2,3,3,3,5,2,5,5,4,1,5,3,1,2,2,2,1,3,3,2,4,2,2,4,4,3,3,3,3,1,3,2,1,2,2,3,1,2,2,1,3,3,3,1,3,1,5,4,3,1,1,3,1,2,2,2,3,5,1,4,1,0,0,1,1,1,2,10,BIO
443,37,0,1,13,2,1,1,3,2,3,5,4,1,3,3,1,3,3,1,3,4,2,1,2,3,3,1,2,1,2,2,5,1,4,2,5,1,1,2,3,3,3,3,1,1,2,1,4,2,1,3,3,5,2,3,2,5,1,3,2,2,2,1,2,1,4,2,3,1,1,1,0,1,1,1,13,GCA
444,36,1,1,0,3,5,5,3,4,3,2,2,3,3,1,3,2,3,2,5,2,1,2,3,1,2,2,2,1,2,2,3,3,3,3,1,1,3,3,4,4,1,3,3,2,3,5,2,3,3,3,5,3,2,3,2,2,5,3,3,3,3,4,2,1,2,3,1,2,0,1,0,0,1,3,14,IGGLIA
445,20,0,4,2,3,4,5,2,3,2,2,2,2,4,2,3,2,1,3,2,1,3,3,3,2,1,4,2,2,3,2,4,3,3,5,1,1,2,3,3,4,3,3,2,3,5,2,1,2,2,1,3,2,2,2,3,3,4,2,2,2,1,3,5,1,3,2,1,2,0,1,1,0,1,5,13,ESIIA
446,28,0,5,4,1,3,2,3,2,4,3,1,2,2,3,1,3,2,1,5,3,4,3,5,3,1,3,2,1,5,5,3,1,3,1,1,1,1,2,3,3,2,3,2,4,3,3,1,1,2,3,5,1,3,2,2,2,3,2,2,1,1,2,2,5,1,1,1,3,1,0,1,1,1,1,9,CAA
447,30,0,3,8,3,3,3,4,1,3,3,1,4,1,4,5,5,3,5,1,2,3,3,1,2,1,1,2,5,2,2,4,5,2,1,3,2,1,4,1,2,2,3,2,3,1,3,3,3,3,2,2,2,2,5,5,3,2,3,1,2,3,3,2,1,5,1,5,3,1,1,0,0,1,2,6,BIO
448,27,0,5,15,1,2,2,2,2,3,2,3,2,2,1,2,1,4,2,2,1,3,4,3,3,3,1,4,3,3,1,5,2,3,1,2,2,2,2,3,3,1,1,3,5,3,2,2,1,3,2,3,3,2,2,1,2,1,1,3,4,2,2,1,3,3,3,1,1,1,1,0,0,0,0,3,TEE
449,36,1,3,9,2,1,1,5,2,3,1,3,4,3,5,4,5,2,5,2,1,2,3,2,2,2,2,1,5,3,2,5,4,2,3,2,3,3,4,2,3,3,2,3,1,3,3,1,3,2,3,1,2,2,5,5,1,3,3,4,2,3,1,3,1,4,1,4,3,0,1,1,1,0,1,13,IAA
450,39,0,2,15,1,1,1,2,1,4,1,1,1,3,2,2,1,5,2,2,2,1,4,5,3,1,2,5,3,3,3,4,1,2,2,2,2,1,1,1,2,3,2,2,4,1,3,3,1,3,1,3,2,3,1,2,1,3,3,3,5,2,2,2,2,2,1,1,1,0,1,0,0,0,0,8,TEE
451,24,0,6,11,5,2,3,4,2,3,3,3,5,3,4,4,5,3,5,2,3,3,1,3,3,2,3,3,4,1,3,4,5,2,3,1,2,2,4,3,1,1,3,1,1,3,1,2,3,3,1,3,3,1,4,4,3,1,2,2,1,2,1,3,3,4,2,4,4,1,1,0,0,0,0,8,AEE
452,22,0,1,10,1,1,2,5,1,3,1,1,5,3,5,5,4,1,4,2,1,1,1,1,2,2,1,2,5,3,1,5,4,1,3,3,2,5,5,3,2,3,2,2,2,2,3,3,2,1,3,2,2,5,4,4,3,3,1,1,2,3,3,2,2,4,1,5,2,0,0,0,1,0,5,11,PIP
453,38,0,3,12,1,1,3,3,3,5,1,4,3,2,1,3,1,2,3,1,5,3,1,1,3,4,5,2,3,2,1,5,2,3,3,2,1,1,3,1,3,2,2,4,3,1,1,4,3,4,1,3,5,2,1,1,5,3,2,1,3,1,1,1,1,4,3,3,2,1,1,1,0,1,4,8,EMII
454,21,0,1,14,2,2,1,3,1,4,3,4,3,1,3,3,2,1,5,1,2,3,1,1,1,5,1,2,2,2,2,4,2,2,3,3,2,1,3,3,1,2,1,3,3,3,3,5,2,2,2,3,2,1,1,1,4,2,5,2,1,1,3,3,2,3,5,3,2,1,1,0,0,0,2,0,ICMP
455,38,0,5,13,3,1,1,1,3,3,5,4,2,2,3,2,3,2,1,3,4,1,3,1,1,2,1,3,3,2,3,5,2,4,3,4,3,3,2,2,1,3,3,1,2,2,3,5,1,2,1,2,5,1,3,1,5,2,1,3,2,2,1,3,1,5,3,1,1,1,1,0,1,1,4,8,GCA
456,44,1,1,13,3,1,3,1,2,5,4,4,3,1,3,3,1,1,3,1,4,1,2,1,1,2,3,3,2,2,3,5,2,5,2,5,3,2,3,1,3,2,2,2,3,1,2,4,3,2,3,2,5,2,1,1,3,2,3,1,1,2,2,2,3,5,3,3,1,1,1,1,1,0,5,1,GCA
457,34,0,5,9,1,2,2,5,1,5,3,1,5,2,5,5,4,2,5,2,2,1,2,3,2,2,1,3,5,2,3,5,5,1,3,1,1,3,3,2,3,3,1,1,1,2,1,1,1,3,2,3,2,3,4,4,2,1,1,5,3,3,1,2,3,4,2,5,2,0,1,1,0,0,4,13,IAA
458,19,0,4,16,1,2,3,1,1,4,1,2,3,1,2,3,2,5,3,2,1,2,5,4,2,2,1,5,1,3,1,4,1,3,2,2,5,3,2,3,3,1,2,1,4,3,2,3,1,2,5,4,1,3,3,1,3,3,2,5,5,3,3,3,1,3,2,3,1,0,0,1,1,0,3,13,TEH
459,39,0,1,0,2,5,3,1,3,2,1,2,2,3,3,2,2,2,3,5,2,3,2,1,2,3,3,1,2,2,1,5,3,3,5,1,3,3,1,4,4,2,2,1,1,5,5,2,1,2,3,4,2,1,3,1,2,5,3,3,1,3,5,1,3,3,2,3,3,1,1,1,1,1,2,12,IGGLIA
460,36,1,2,10,2,2,2,5,3,5,1,3,5,1,5,5,5,1,5,2,3,1,1,3,1,3,2,3,4,2,2,5,4,2,1,2,1,5,5,2,2,1,1,3,1,1,1,2,3,2,2,2,1,5,5,4,3,1,3,2,3,3,2,1,1,5,2,5,3,1,1,1,0,0,1,10,PIP
461,27,0,2,15,3,2,2,1,3,5,2,1,1,1,3,2,2,5,3,1,3,3,5,4,3,3,2,5,2,3,1,5,2,2,1,1,3,2,3,3,1,1,2,1,4,1,3,3,3,3,2,2,1,2,1,2,1,2,2,3,5,3,3,1,2,3,2,3,3,1,0,1,0,1,4,9,TEE
462,19,0,1,10,2,2,3,5,1,3,2,1,4,3,5,4,4,1,5,2,3,3,1,3,1,1,2,3,4,2,2,5,5,3,1,2,3,5,5,3,1,3,2,2,3,1,2,3,1,1,3,2,3,4,5,5,2,3,1,2,1,2,2,1,2,5,3,5,1,1,0,1,0,0,3,3,PIP
463,42,0,1,8,2,1,1,4,1,4,1,1,5,2,4,5,5,3,4,2,2,3,1,2,2,3,3,3,5,2,1,5,5,3,1,1,3,3,3,3,1,2,3,3,1,2,3,2,2,3,1,2,1,3,4,5,1,3,2,1,3,2,3,2,3,4,1,5,2,0,0,0,0,0,4,2,BIO
464,26,0,1,2,1,4,3,1,5,2,3,3,3,3,2,3,2,2,2,2,2,3,3,2,2,2,4,1,2,3,2,4,2,1,3,3,1,3,3,5,5,2,1,1,2,4,1,3,1,3,2,1,1,1,3,3,3,4,3,3,1,2,5,5,3,2,1,3,2,1,0,1,1,0,0,1,ESIIA
465,39,0,1,8,2,2,1,4,1,3,2,1,4,2,4,4,4,3,5,2,2,2,2,1,3,3,1,2,5,2,1,5,4,2,2,1,3,3,4,1,2,2,3,2,3,1,3,2,1,1,2,1,1,2,5,4,3,2,1,3,2,3,1,1,1,4,2,5,3,1,1,1,1,1,1,9,BIO
466,30,0,3,2,3,3,5,3,3,2,2,3,1,5,3,3,2,3,1,1,2,1,2,3,1,3,5,3,1,1,3,3,3,2,5,3,1,1,2,5,3,3,2,2,1,4,2,1,1,2,1,1,3,1,3,2,3,4,2,1,2,1,3,4,1,2,3,3,1,1,1,1,0,0,4,14,ESIIA
467,24,1,1,7,1,3,2,1,3,5,3,1,1,2,2,2,1,2,1,5,2,5,2,2,4,3,3,2,1,4,1,5,1,2,1,1,1,3,1,1,1,3,5,2,5,3,3,1,1,2,3,5,1,2,2,1,2,3,1,1,1,2,2,3,5,1,3,2,1,0,1,1,0,1,0,6,EMP
468,35,1,4,8,3,3,3,5,1,3,2,2,5,1,5,5,5,2,5,1,1,2,2,1,2,2,3,3,5,3,3,5,4,1,3,2,1,1,3,1,1,2,3,2,3,3,3,2,2,2,2,2,1,1,5,5,3,1,3,2,3,2,3,1,1,4,2,5,1,1,1,0,1,0,2,12,BIO
469,44,0,5,11,5,2,1,4,1,3,2,3,5,2,5,5,5,2,5,2,2,2,1,3,3,2,1,1,5,3,3,3,5,3,2,2,3,1,3,3,1,3,3,2,3,2,3,2,3,2,1,2,2,3,4,5,1,1,3,1,2,3,2,1,3,5,2,5,5,1,1,0,0,1,0,3,AEE
470,32,0,5,15,2,1,3,1,1,4,1,2,1,1,3,3,2,4,1,3,1,2,4,4,1,1,1,4,3,1,1,3,1,3,3,1,2,2,2,1,2,3,1,2,5,3,1,3,1,2,3,2,3,1,1,2,2,3,2,2,4,3,2,1,1,3,2,1,2,0,0,1,1,1,3,13,TEE
471,27,0,4,10,2,1,1,4,3,5,3,1,5,1,5,5,5,1,4,2,1,2,2,2,1,2,2,1,5,3,2,5,5,3,2,1,3,4,3,1,3,3,1,1,1,1,1,2,1,1,3,3,2,5,5,4,3,3,3,1,3,2,3,3,2,4,3,5,1,0,1,0,1,1,4,2,PIP
472,33,1,3,3,2,4,3,2,3,1,1,1,3,5,3,1,2,1,1,2,1,3,1,1,3,2,2,2,3,1,1,3,1,3,3,3,3,3,1,3,5,2,5,2,2,4,1,2,2,3,2,3,1,3,3,1,1,2,2,2,1,5,4,3,3,1,1,2,1,1,1,1,1,0,4,3,ISAIA
473,19,0,5,12,2,2,3,3,1,3,1,5,3,2,1,1,3,3,1,2,4,2,1,1,2,5,5,3,1,1,1,4,2,1,2,3,3,3,2,3,3,1,3,5,1,1,2,3,3,4,3,2,5,3,2,3,3,1,3,1,2,1,3,1,1,4,3,1,3,1,0,0,0,0,5,7,EMII
474,44,0,3,0,1,4,5,2,5,1,3,1,2,5,3,2,2,1,1,5,1,3,3,2,1,2,3,1,1,2,2,4,2,3,3,2,1,2,3,4,3,3,2,1,2,3,5,3,1,3,3,4,3,1,1,2,3,5,3,2,1,3,4,3,2,2,1,2,2,0,1,0,1,1,3,7,IGGLIA
475,33,0,6,16,2,2,2,1,2,4,3,2,1,3,3,3,1,4,3,3,1,1,5,5,3,1,3,5,1,2,2,5,2,1,3,1,4,3,2,1,3,1,2,3,5,2,1,2,2,1,5,4,2,2,3,3,1,1,2,5,4,1,1,2,3,1,1,3,1,1,0,0,1,0,2,1,TEH
476,42,0,4,3,2,4,3,2,4,2,2,3,1,3,3,1,3,2,1,3,1,1,2,3,3,3,2,2,2,1,1,5,3,3,3,3,2,3,2,5,4,3,5,2,1,4,1,3,1,1,1,2,1,3,2,2,3,1,2,2,1,4,5,1,1,3,3,1,3,0,0,1,1,1,2,13,ISAIA
477,27,0,2,9,1,3,3,5,2,4,3,1,5,1,4,4,5,3,5,3,1,3,3,3,1,3,2,2,5,2,3,3,4,2,1,3,3,2,5,1,2,2,1,3,3,3,1,3,2,1,3,2,3,3,4,5,2,1,1,4,1,1,1,2,1,5,2,4,3,0,0,0,0,1,1,13,IAA
478,22,0,2,5,2,1,3,3,3,4,1,3,2,1,1,1,1,2,1,5,1,5,1,4,1,1,2,1,1,5,3,3,2,2,2,3,2,1,3,2,3,3,1,2,4,1,3,3,3,2,2,5,2,1,1,3,3,1,2,2,1,1,2,1,4,2,3,1,3,0,0,1,0,1,4,3,FIC
479,37,1,6,9,1,3,3,5,1,4,3,2,5,2,5,4,5,2,4,1,3,3,3,1,2,2,1,1,5,1,3,4,4,1,3,3,3,3,4,3,2,1,2,1,1,1,2,2,1,2,1,2,1,1,5,5,3,2,3,5,3,2,2,1,2,4,3,4,3,1,0,0,0,0,0,14,IAA
480,42,1,3,9,1,3,1,4,2,5,3,3,4,3,4,4,5,2,4,2,1,3,3,1,2,3,2,3,5,1,3,5,5,2,3,1,2,3,3,3,3,2,2,2,3,3,1,2,2,1,3,1,1,2,4,5,1,1,3,4,3,3,2,2,1,4,2,4,2,1,1,0,1,0,4,11,IAA
481,35,0,4,0,3,4,5,3,5,3,3,2,1,5,2,2,2,3,3,4,2,2,1,2,2,2,2,3,1,2,2,5,3,3,4,2,2,1,3,4,4,1,1,2,2,4,5,1,2,3,3,5,2,1,2,1,1,4,3,3,2,1,5,1,1,3,1,1,2,1,1,1,0,0,4,11,IGGLIA
482,33,1,0,15,1,1,2,2,3,5,2,1,3,1,2,1,2,5,3,2,3,1,4,3,1,2,3,4,1,2,2,4,2,1,3,1,2,2,3,1,3,3,3,1,4,3,2,2,3,2,1,3,3,2,1,2,2,1,2,1,4,1,2,1,3,1,3,1,1,0,0,1,0,1,0,4,TEE
483,18,0,6,7,2,1,2,3,3,5,2,2,2,2,2,1,3,3,2,4,2,4,3,3,5,1,1,2,1,5,2,5,2,1,1,1,1,1,1,1,1,2,4,2,5,3,2,2,1,1,2,4,3,2,3,3,3,1,2,1,3,3,1,3,4,2,1,2,2,1,0,0,0,0,3,7,EMP
484,35,0,1,16,3,3,1,3,3,4,1,2,1,2,1,2,2,5,3,2,2,2,4,3,1,1,2,4,2,3,3,4,1,3,1,1,5,1,2,1,2,2,1,1,4,1,3,1,3,1,5,5,3,3,1,2,1,3,1,5,4,2,1,1,2,2,1,3,3,0,0,0,1,1,5,10,TEH
485,27,1,2,4,3,3,1,2,1,3,1,2,1,2,1,1,1,3,1,4,3,4,2,4,2,1,3,3,1,4,5,5,1,2,3,3,1,2,2,2,1,3,2,2,4,3,3,2,1,2,2,4,2,3,3,2,3,1,1,1,1,1,2,2,5,2,2,2,1,0,1,1,1,1,4,7,CAA
486,18,0,5,8,2,2,2,5,1,5,1,1,4,3,4,5,5,1,4,3,2,2,1,1,2,1,1,1,5,2,2,3,4,3,3,3,1,2,4,2,1,1,3,1,1,1,3,3,2,3,2,2,2,1,4,5,1,2,1,2,2,1,1,2,2,5,3,5,2,1,1,1,1,0,2,14,BIO
487,30,1,0,7,1,2,2,1,1,4,2,1,3,2,2,3,2,3,1,4,1,5,3,1,4,1,2,1,3,5,1,3,2,3,1,1,1,2,2,2,1,2,5,3,5,2,2,1,1,1,3,5,3,3,3,2,3,2,2,1,1,3,1,2,4,1,3,1,2,0,0,0,1,0,2,6,EMP
488,24,1,3,11,5,3,2,4,1,4,1,3,5,2,4,5,5,3,4,1,3,3,2,3,2,2,3,1,4,2,3,4,5,3,1,2,3,1,3,2,3,1,1,2,3,2,2,1,2,1,2,2,3,3,4,5,1,2,2,3,1,1,3,1,2,4,2,4,5,0,1,1,1,1,2,13,AEE
489,18,0,1,14,3,3,2,2,2,3,1,4,2,3,1,2,3,1,5,2,3,3,1,2,2,4,3,3,1,2,1,5,1,2,1,1,1,3,1,1,3,3,1,1,2,2,1,4,1,3,2,1,3,2,2,3,5,3,4,1,1,1,1,1,3,3,4,3,1,1,1,0,1,1,0,10,ICMP
490,20,0,3,6,3,1,2,3,2,5,1,3,2,2,2,3,2,1,3,1,1,4,3,4,1,1,2,1,1,5,5,3,2,2,1,3,3,3,3,1,1,4,1,2,5,1,3,3,2,3,1,5,3,1,2,3,3,3,1,2,2,2,2,1,1,1,1,3,3,0,0,0,1,0,4,8,DTJA
491,38,1,4,4,1,1,2,3,1,4,3,2,3,3,3,2,1,1,2,4,3,5,2,5,2,3,3,2,1,5,5,5,1,1,1,2,1,1,1,2,2,1,3,3,4,2,3,2,2,1,2,5,3,2,3,3,3,3,1,3,2,3,1,2,5,3,1,1,2,0,0,0,1,1,5,7,CAA
492,21,0,5,5,2,2,3,1,1,3,1,2,3,2,1,3,1,1,3,5,2,5,2,4,3,2,3,1,3,5,2,5,2,2,1,3,3,1,2,3,2,2,3,1,4,1,2,3,1,2,2,4,1,3,3,2,1,2,2,3,2,2,1,1,4,2,3,2,3,0,0,0,0,0,3,5,FIC
493,25,0,6,12,3,1,3,1,3,4,3,4,3,2,1,1,1,1,2,3,4,1,1,3,2,4,5,2,2,3,2,3,1,1,2,1,1,1,3,2,1,3,2,4,3,2,2,5,1,5,3,3,4,2,3,3,4,1,3,2,2,1,1,3,3,5,2,2,1,0,0,1,0,0,3,9,EMII
494,40,0,1,9,1,1,2,4,1,5,1,1,4,2,4,5,4,1,4,2,1,1,3,3,3,1,1,3,4,3,2,5,4,3,2,1,2,2,3,3,1,2,3,1,3,1,3,1,2,3,2,1,1,2,5,5,3,2,3,5,1,1,1,1,2,5,2,5,1,0,1,0,1,1,1,7,IAA
495,18,0,1,0,3,4,5,1,3,2,3,3,1,4,2,2,1,3,2,4,3,1,3,1,2,1,1,2,1,2,1,5,3,2,5,3,3,2,1,5,5,1,1,2,1,5,5,2,1,3,1,4,1,3,3,1,2,4,2,3,2,3,4,1,2,2,3,1,3,1,1,1,0,1,4,10,IGGLIA
496,37,0,4,6,1,1,2,1,2,4,3,3,2,1,2,2,3,3,3,3,1,5,1,4,1,2,2,3,3,4,4,3,2,2,3,3,1,3,3,2,1,5,1,2,4,1,3,1,2,3,2,5,3,3,2,3,1,1,2,3,2,3,2,2,2,2,2,3,3,0,0,0,1,0,0,4,DTJA
497,32,0,0,10,2,2,3,4,1,4,1,3,5,3,5,4,4,2,4,1,1,1,1,2,3,3,3,2,4,1,3,3,5,2,2,3,3,4,3,3,3,3,3,3,3,3,3,1,1,3,2,2,2,4,4,4,3,3,3,3,2,3,3,1,2,4,3,5,3,1,0,0,0,1,4,14,PIP
498,39,0,4,16,3,2,3,3,3,5,3,2,3,3,1,3,2,4,3,2,2,3,4,3,3,3,1,4,2,1,2,5,2,3,3,3,5,2,2,2,3,3,3,2,5,2,1,1,2,2,4,5,1,2,3,2,2,3,1,5,5,2,3,1,3,2,1,3,2,0,1,0,1,0,2,9,TEH
499,29,0,1,13,3,1,3,2,2,4,4,5,2,3,2,1,2,3,1,2,4,1,2,3,3,1,3,2,2,2,1,5,3,4,2,4,3,3,1,2,3,3,1,2,3,1,1,3,1,3,3,3,5,2,1,1,3,2,3,3,3,2,1,3,2,4,3,1,1,0,0,1,1,0,0,3,GCA
500,40,0,1,10,1,2,3,5,1,4,3,3,4,1,4,4,4,2,5,2,1,2,2,3,2,1,3,1,5,2,2,4,5,1,1,1,1,5,3,2,2,1,1,2,2,2,2,3,2,2,2,1,1,4,4,4,3,1,2,3,3,1,2,2,1,5,3,5,1,0,0,0,0,0,2,4,PIP
