matiere__maths,matiere__physique,matiere__info_algo,matiere__biologie,matiere__chimie,matiere__economie_gestion,matiere__droit,matiere__technique_manuel,matiere__langues,matiere__tourisme,matiere__arts,competence__programmation,competence__analyse_quantitative,competence__communication,competence__gestion_projet,competence__manuel_technique,competence__creativite,interet__recherche,interet__entrepreneuriat,interet__terrain,interet__donnees_finance,interet__sante_bio,interet__industrie,environnement_souhaite,moyenne_generale,domaine,parcours,profil_frontiere
1,0,0,0,0,0,1,0,1,0,0,1,1,0,,0,1,,1,1,0,0,1,mixte,13.16,informatique,ESIIA,0
0,0,,0,0,1,0,0,0,0,0,0,0,0,1,0,0,0,0,0,1,0,0,bureau,11.27,gestion_finance,DTJA,0
0,0,0,0,0,1,1,0,1,0,0,0,1,1,0,,0,0,0,0,1,0,,bureau,10.47,gestion_finance,CAA,0
0,1,0,0,0,0,0,1,0,0,1,0,0,0,0,1,0,0,0,1,0,,0,terrain,13.04,industrie_btp,ICMP,0
0,0,0,0,0,1,0,0,0,0,0,0,,1,,0,1,0,0,0,0,0,0,mixte,10.88,gestion_finance,EMP,0
0,,0,0,1,0,,1,0,0,1,1,0,0,1,0,0,0,0,1,0,0,1,laboratoire,12.72,industrie_btp,ICMP,1
0,0,0,0,0,1,1,0,1,0,0,0,,1,,,,,1,,1,0,0,bureau,12.37,gestion_finance,DTJA,0
0,0,0,0,0,1,1,0,0,0,0,,1,1,1,0,1,0,1,0,0,0,0,mixte,13.45,gestion_finance,EMP,0
1,0,0,0,0,,0,0,0,0,0,0,1,0,1,0,0,,0,,1,0,0,bureau,12.11,gestion_finance,EMP,0
1,1,0,0,0,0,0,0,0,0,0,,0,0,0,1,0,0,,1,0,0,1,terrain,14.43,industrie_btp,GCA,0
1,1,0,0,0,0,,1,0,0,0,0,0,1,1,1,0,0,0,,1,0,1,atelier,11.93,industrie_btp,EMII,0
0,1,0,1,0,,,1,0,0,0,,1,1,1,0,1,0,0,1,0,1,0,laboratoire,11.68,biotechnologies,AEE,0
0,0,,0,0,1,0,0,1,0,0,0,1,0,1,,,1,1,0,1,0,0,atelier,11.66,gestion_finance,FIC,0
0,0,0,1,0,0,0,1,0,0,0,0,0,1,0,0,0,0,0,0,0,0,1,laboratoire,8.72,industrie_btp,EMII,1
1,,1,0,0,1,0,0,1,0,0,1,,0,1,0,0,0,0,0,1,0,,bureau,14.08,informatique,ISAIA,0
0,0,0,1,1,0,0,0,0,0,0,0,0,0,0,1,0,,0,0,0,1,0,atelier,10.45,biotechnologies,AEE,0
1,1,0,0,,0,0,1,0,0,1,0,,1,1,1,0,0,0,1,0,0,1,mixte,11.34,industrie_btp,ICMP,0
0,0,0,0,0,1,1,0,0,0,0,0,0,,1,0,0,1,0,0,1,0,0,bureau,12.8,tourisme_environnement,TEH,0
,1,,0,1,,0,0,0,0,0,0,0,0,0,0,0,0,0,1,0,0,1,terrain,11.04,industrie_btp,EMII,0
1,0,0,0,0,1,0,1,0,0,1,0,0,0,1,0,0,0,0,1,,0,1,atelier,11.76,industrie_btp,EMII,0
0,0,0,1,1,0,0,0,0,0,0,0,0,0,1,0,0,0,0,1,0,1,0,laboratoire,9.08,biotechnologies,PIP,0
,0,0,0,0,,0,1,0,0,0,0,0,0,0,1,0,,0,0,0,0,,laboratoire,14.75,biotechnologies,PIP,1
1,1,0,0,0,0,0,0,0,0,0,0,0,0,0,1,0,1,1,1,0,0,,terrain,8.97,industrie_btp,EMII,0
,,0,0,0,1,,0,0,0,0,0,0,1,1,0,0,0,1,0,1,0,0,bureau,10.3,biotechnologies,PIP,0
1,1,1,0,0,0,0,,0,0,,1,0,0,0,0,0,0,0,0,0,0,0,laboratoire,10.69,informatique,ISAIA,0
,1,0,1,1,0,0,1,1,0,0,0,1,0,0,1,0,0,0,0,1,0,0,terrain,15.43,biotechnologies,PIP,1
0,0,0,0,0,0,0,1,,1,0,0,0,1,0,0,1,0,0,1,0,,0,terrain,12.75,industrie_btp,ICMP,1
0,,1,0,,0,0,0,0,1,0,,0,0,0,0,1,0,0,0,0,1,0,mixte,14.04,tourisme_environnement,TEH,0
0,0,0,1,,0,0,0,1,1,0,0,0,1,1,1,1,0,0,1,0,0,,mixte,12.7,tourisme_environnement,TEH,0
1,,0,0,0,1,1,,0,0,0,0,0,1,0,1,0,,1,0,0,0,0,mixte,13.66,gestion_finance,FIC,0
0,,0,1,1,,0,,0,0,0,0,0,,0,1,0,0,0,0,0,1,1,mixte,12.73,biotechnologies,IAA,0
0,0,0,,0,0,0,0,0,,0,0,0,0,0,1,0,0,,1,0,,,bureau,13.51,tourisme_environnement,TEH,0
0,0,1,0,0,1,,0,0,0,0,0,0,1,0,0,0,0,1,0,1,,,bureau,10.79,gestion_finance,FIC,0
,0,1,0,0,0,0,0,,0,0,1,0,0,1,,,0,0,1,1,,0,bureau,12.46,informatique,IMTICIA,0
1,0,1,0,0,0,,0,0,0,0,1,,0,0,0,,0,0,0,0,0,0,atelier,10.34,informatique,IGGLIA,0
0,0,0,1,1,0,0,0,0,0,1,,0,,0,1,0,1,0,1,0,0,0,mixte,9.05,biotechnologies,IAA,0
1,1,,0,1,0,0,1,0,0,1,0,1,0,0,,0,0,0,1,0,0,1,terrain,15.9,informatique,IMTICIA,0
1,0,0,0,0,1,0,0,0,0,0,0,0,1,1,0,0,,1,0,1,0,,terrain,11.35,gestion_finance,FIC,0
1,0,0,0,0,1,0,0,0,0,1,0,1,0,1,0,0,0,0,1,1,0,0,mixte,11.52,gestion_finance,EMP,0
,0,,0,0,1,,0,0,0,0,1,0,1,0,1,1,1,0,1,1,0,0,bureau,16.61,informatique,IGGLIA,0
0,1,0,1,1,0,0,1,0,0,0,0,0,0,0,1,0,1,0,0,,1,0,laboratoire,11.51,biotechnologies,PIP,0
0,0,1,0,0,0,,0,0,1,0,0,,0,0,1,,0,0,0,0,1,0,terrain,12.87,informatique,ISAIA,0
,1,0,0,0,0,0,,1,0,0,0,0,,1,1,0,0,0,0,1,0,0,bureau,13.69,gestion_finance,FIC,0
0,0,,0,0,0,0,1,0,1,0,0,0,0,1,1,1,0,1,0,0,1,0,terrain,14.13,tourisme_environnement,TEH,0
1,,1,0,0,1,0,0,1,0,0,0,0,0,1,0,0,0,0,0,1,0,0,bureau,12.18,gestion_finance,FIC,0
0,1,0,0,0,0,0,0,1,0,0,1,1,0,0,0,,0,0,0,1,0,0,mixte,14.8,informatique,IGGLIA,0
0,1,1,0,0,0,0,0,0,0,0,0,1,1,0,1,1,0,0,1,0,0,1,bureau,10.05,industrie_btp,GCA,0
0,0,1,0,0,1,1,0,0,,0,1,1,0,0,,0,0,0,0,1,0,0,atelier,14.47,informatique,IMTICIA,0
0,0,0,,,1,0,0,0,0,1,1,,,0,0,0,0,1,0,0,0,0,bureau,12.15,informatique,IGGLIA,0
0,1,0,0,0,0,0,1,1,0,0,0,1,0,1,1,1,0,0,0,0,0,1,atelier,11.03,tourisme_environnement,TEH,0
1,0,1,0,0,1,0,,0,0,0,1,1,0,,0,,0,,0,0,0,,bureau,12.17,informatique,ESIIA,0
0,0,1,1,1,0,0,0,0,0,0,1,1,0,0,0,0,0,0,0,0,1,,laboratoire,11.57,industrie_btp,GCA,0
1,0,0,0,0,0,1,0,0,0,0,0,0,1,0,,0,0,1,0,1,0,0,bureau,8.95,gestion_finance,EMP,0
1,1,1,0,0,0,0,0,1,0,0,,1,0,,0,0,0,1,0,0,0,1,mixte,13.13,informatique,ESIIA,0
1,1,1,0,0,0,0,1,0,0,0,1,0,0,1,1,,0,0,1,0,0,1,mixte,16.45,industrie_btp,GCA,0
0,1,0,0,0,0,1,1,0,0,0,0,0,1,0,1,0,0,0,0,,1,0,atelier,11.04,biotechnologies,AEE,1
0,0,0,,,0,0,0,0,0,0,0,1,,1,0,0,0,,0,0,0,0,terrain,13.45,gestion_finance,EMP,1
1,0,1,0,,0,0,0,0,0,0,1,1,0,1,0,0,0,,0,0,0,0,terrain,12.33,informatique,ISAIA,0
1,,1,0,0,0,0,0,0,0,0,1,1,,,0,1,,0,0,,,1,atelier,12.7,informatique,ESIIA,0
0,0,0,1,0,0,0,0,0,1,0,0,,0,1,1,1,,0,1,0,1,0,terrain,10.59,tourisme_environnement,TEH,0
1,1,,0,0,0,0,0,0,0,0,1,0,0,1,0,0,,1,1,0,0,0,mixte,13.07,informatique,ESIIA,0
1,0,0,0,0,,0,0,0,0,0,0,1,0,0,1,0,0,0,0,0,0,1,bureau,12.17,industrie_btp,GCA,0
0,1,0,0,0,1,0,0,0,0,0,0,1,,,,0,0,1,1,1,0,0,mixte,12.97,gestion_finance,EMP,0
1,,0,1,1,0,0,,,0,0,0,1,0,0,0,0,1,0,1,0,,0,laboratoire,9.92,biotechnologies,IAA,0
,0,0,0,0,1,0,1,0,0,1,0,1,1,1,0,,0,1,0,1,0,0,bureau,13.01,industrie_btp,GCA,0
0,1,1,0,0,0,0,0,1,0,0,1,0,,,0,,1,1,,0,0,0,bureau,13.1,informatique,ESIIA,0
0,1,1,0,0,1,1,0,0,1,0,1,1,0,0,0,0,0,1,0,1,0,0,bureau,11.79,gestion_finance,CAA,0
1,0,1,0,0,1,0,0,,0,0,1,1,0,1,0,0,1,1,0,1,,,bureau,12.77,informatique,IGGLIA,0
1,1,0,0,0,1,0,1,0,0,0,0,0,,1,0,0,,0,0,0,0,1,atelier,8.97,industrie_btp,ICMP,0
0,0,0,1,1,1,,0,0,0,1,0,1,0,1,0,0,1,0,,0,1,,laboratoire,14.97,biotechnologies,IAA,0
0,1,1,0,0,0,0,1,0,,0,0,0,0,0,1,0,0,0,0,1,,1,terrain,14.68,industrie_btp,EMII,0
0,0,0,0,1,0,1,0,0,0,0,0,0,0,0,1,1,0,0,1,0,1,1,laboratoire,10.14,biotechnologies,IAA,0
0,0,1,0,1,,,1,0,0,0,1,0,0,0,1,0,1,0,1,0,,1,mixte,13.08,biotechnologies,IAA,1
,1,0,0,0,0,0,0,0,0,,0,0,0,0,0,1,1,0,0,0,0,1,laboratoire,9.09,tourisme_environnement,TEH,1
1,1,1,,0,1,0,1,1,0,0,1,1,0,0,0,1,1,1,0,1,0,,laboratoire,14.79,informatique,IGGLIA,0
1,1,1,,0,1,0,,0,0,0,,0,,1,0,1,0,0,0,1,0,0,atelier,14.82,informatique,ESIIA,0
1,0,0,1,0,1,0,0,1,0,0,0,0,0,0,0,0,0,1,0,1,0,0,bureau,11.06,gestion_finance,EMP,0
0,0,0,0,0,1,1,0,0,0,0,0,1,0,1,0,0,,0,0,1,0,1,bureau,11.28,gestion_finance,DTJA,0
1,0,1,1,0,0,0,1,0,0,0,1,1,0,0,0,0,1,1,,1,0,0,bureau,12.02,informatique,IGGLIA,0
0,0,0,0,0,,0,0,0,0,0,0,1,,1,1,0,0,0,1,,0,1,mixte,14.66,industrie_btp,GCA,0
1,1,1,0,0,0,0,0,0,,0,1,0,1,0,0,1,0,0,1,1,0,0,bureau,12.97,informatique,IMTICIA,1
1,0,0,0,1,1,,0,0,0,0,0,1,1,0,0,0,0,0,,1,0,0,bureau,10.82,gestion_finance,DTJA,0
1,0,0,0,0,0,0,0,0,0,0,1,1,0,1,0,0,1,1,0,1,0,0,terrain,12.44,informatique,ESIIA,0
1,0,0,0,0,1,0,0,0,0,1,0,0,1,0,0,0,0,1,0,1,0,0,bureau,10.18,gestion_finance,EMP,0
,0,0,0,0,1,0,0,,1,0,1,0,1,1,0,0,0,0,0,0,0,0,mixte,14.04,gestion_finance,CAA,1
1,,0,0,0,0,0,0,1,1,0,0,1,,0,0,0,0,0,1,0,1,0,terrain,7.24,gestion_finance,CAA,0
0,0,0,0,0,,1,0,0,0,0,0,0,1,1,0,1,0,1,0,1,0,0,mixte,12.76,gestion_finance,EMP,0
1,0,0,0,0,1,1,1,1,0,0,1,0,,,0,0,0,1,0,1,0,0,mixte,12.48,gestion_finance,CAA,0
1,0,,0,0,0,0,1,0,0,1,0,0,1,0,1,0,0,0,,0,,1,bureau,10.19,industrie_btp,EMII,0
0,1,1,0,0,0,0,0,0,0,0,,1,0,1,0,0,0,0,0,,0,,bureau,14.21,informatique,ESIIA,0
0,,0,0,0,1,1,0,0,0,0,0,0,0,,0,,0,1,0,0,0,0,mixte,15.01,gestion_finance,FIC,0
0,1,1,0,1,0,0,0,0,0,0,1,,0,1,0,0,0,1,0,0,0,1,laboratoire,11.13,informatique,IMTICIA,0
0,0,0,0,0,1,1,0,0,0,0,0,1,0,,0,1,0,1,0,1,0,0,bureau,12.21,gestion_finance,DTJA,0
1,0,0,0,1,0,0,0,0,1,0,0,0,0,0,0,0,1,1,0,0,1,0,laboratoire,12.71,industrie_btp,EMII,0
0,0,0,0,0,0,0,0,1,1,0,0,0,1,1,0,0,0,1,1,0,1,0,terrain,10.87,tourisme_environnement,TEH,0
0,,0,1,0,0,0,,,0,0,0,0,1,0,0,1,1,0,1,0,1,0,laboratoire,16.68,biotechnologies,IAA,0
1,,0,1,1,0,0,0,1,0,0,0,0,1,0,0,0,0,0,1,0,1,0,terrain,9.59,biotechnologies,PIP,0
0,0,0,1,1,0,0,0,0,0,0,0,1,0,0,1,0,1,0,0,0,1,0,laboratoire,16.44,biotechnologies,AEE,0
1,0,0,1,0,0,0,1,0,0,0,1,0,0,0,1,0,0,0,0,0,0,1,atelier,13.38,industrie_btp,GCA,0
1,,0,0,0,1,0,0,0,0,0,1,0,0,1,0,0,0,0,1,0,0,0,bureau,14.5,gestion_finance,DTJA,0
0,0,0,1,0,0,0,,0,1,0,0,0,1,0,,0,0,0,1,0,0,1,laboratoire,14.62,tourisme_environnement,TEH,0
1,0,0,1,,,0,0,0,0,0,0,0,1,0,0,0,1,0,0,0,1,1,laboratoire,12.78,biotechnologies,AEE,0
0,0,0,1,0,0,0,0,0,1,1,,1,1,0,0,0,0,0,1,0,,0,terrain,12.14,industrie_btp,GCA,0
0,0,0,0,,0,0,0,1,0,0,1,0,1,0,1,0,0,1,0,0,0,1,laboratoire,12.51,informatique,ESIIA,0
1,1,,1,0,0,0,1,0,0,0,0,0,0,0,0,0,0,0,1,0,,,terrain,9.24,industrie_btp,ICMP,0
0,0,0,0,0,0,0,0,0,0,0,0,0,0,0,0,0,0,0,1,0,1,0,laboratoire,10.38,tourisme_environnement,TEH,1
,0,0,0,0,1,0,0,0,0,0,0,1,1,0,0,0,0,0,1,1,0,0,terrain,9.42,industrie_btp,GCA,0
0,1,,1,1,0,0,,0,0,0,0,0,0,1,0,0,0,0,,0,0,0,laboratoire,13.85,biotechnologies,AEE,0
0,1,0,1,1,0,0,0,0,0,0,0,1,1,0,1,0,1,,0,0,0,0,laboratoire,15.18,biotechnologies,AEE,0
0,0,0,0,,1,1,0,0,1,0,1,0,1,0,0,0,0,1,1,0,0,1,mixte,11.15,tourisme_environnement,TEH,1
0,0,0,1,1,0,0,0,0,0,0,0,1,0,0,0,0,1,0,0,0,1,0,laboratoire,9.51,gestion_finance,EMP,0
0,,0,0,0,1,1,0,1,1,0,0,1,0,0,0,0,0,0,0,1,0,0,bureau,14.31,gestion_finance,DTJA,0
0,1,0,1,1,1,0,0,0,0,0,0,0,,1,0,0,0,0,1,0,1,1,laboratoire,15.61,biotechnologies,PIP,0
0,0,1,0,0,0,0,0,1,0,0,0,1,0,0,0,0,1,0,0,1,0,0,bureau,13.31,informatique,ESIIA,0
1,0,0,1,0,0,0,,1,0,0,0,0,1,,0,0,0,1,0,0,0,0,mixte,13.36,gestion_finance,DTJA,1
0,,1,0,0,0,0,0,0,0,0,0,1,0,0,,0,0,0,0,0,0,1,laboratoire,14.43,informatique,IMTICIA,0
0,0,0,0,0,1,,0,0,1,0,0,1,0,0,0,1,0,0,0,1,0,0,bureau,12.22,gestion_finance,FIC,0
,0,0,0,0,1,1,0,0,0,0,0,0,0,1,0,1,0,1,0,0,0,0,bureau,12.09,gestion_finance,CAA,0
1,0,1,1,1,0,0,1,0,0,,0,0,,,1,,0,0,,0,0,0,terrain,8.89,industrie_btp,GCA,0
1,0,0,1,1,0,0,1,1,0,1,0,0,0,0,1,0,0,0,1,0,0,0,laboratoire,13.87,industrie_btp,GCA,1
1,1,1,0,0,1,0,0,0,0,0,1,1,0,0,0,0,1,0,0,0,0,0,bureau,11.05,informatique,IMTICIA,0
1,1,1,0,0,0,0,,0,0,0,1,1,0,0,1,0,0,0,1,,0,1,mixte,12.27,industrie_btp,ICMP,0
0,0,0,0,0,1,1,1,0,0,0,0,0,0,0,0,0,0,,0,0,1,0,bureau,10.87,tourisme_environnement,TEH,1
1,1,1,0,0,0,,0,1,0,0,0,1,1,0,0,0,0,,0,1,0,1,terrain,13.05,informatique,IGGLIA,1
,0,0,0,0,0,0,0,0,0,0,0,,0,0,1,,0,0,1,0,0,1,terrain,7.63,industrie_btp,EMII,0
0,0,0,1,1,0,0,0,1,0,0,0,,0,0,0,1,1,0,0,0,1,0,laboratoire,15.43,tourisme_environnement,TEH,0
0,0,0,0,0,0,0,1,,0,0,0,0,0,0,1,0,0,1,0,0,0,1,laboratoire,14.42,industrie_btp,EMII,0
,,0,0,1,0,1,0,1,0,0,0,0,0,0,,0,0,0,,,0,0,terrain,14.24,industrie_btp,GCA,0
0,0,,0,0,1,,0,1,1,0,0,1,0,0,0,0,1,0,1,0,1,0,mixte,11.04,tourisme_environnement,TEH,0
,0,0,0,,1,0,,0,0,0,1,1,0,1,1,0,1,0,0,0,0,0,bureau,12.41,biotechnologies,IAA,1
1,0,,1,0,1,0,1,,0,0,,0,0,0,1,0,0,0,0,0,0,0,terrain,9.59,biotechnologies,IAA,1
0,1,0,0,0,0,0,0,0,0,0,,0,0,0,1,0,1,1,0,0,,1,atelier,10.35,industrie_btp,EMII,0
0,0,,1,1,0,0,0,0,0,,0,1,0,,0,0,,0,0,0,,1,laboratoire,10.44,biotechnologies,AEE,0
0,0,1,0,0,0,0,1,1,1,1,0,0,1,0,0,0,,0,1,0,0,0,terrain,11.46,informatique,IGGLIA,0
0,0,0,0,0,0,0,0,0,1,0,0,0,0,0,0,,,1,1,0,1,0,terrain,10.84,tourisme_environnement,TEH,0
,0,0,1,0,1,0,0,0,0,0,0,0,1,0,0,0,0,1,0,1,0,0,bureau,8.67,gestion_finance,FIC,0
1,1,0,1,1,0,0,0,0,0,1,0,0,1,0,0,,0,0,1,0,1,0,laboratoire,12.36,biotechnologies,PIP,0
1,1,1,0,0,0,0,1,0,0,0,1,0,1,0,0,0,0,0,1,,0,1,bureau,13.15,informatique,ESIIA,0
0,1,0,0,,0,0,1,0,,0,0,0,0,0,0,1,0,0,0,0,0,0,terrain,12.01,industrie_btp,ICMP,0
1,0,,0,0,0,0,0,0,0,0,0,0,0,,1,0,0,0,1,0,1,1,atelier,13.75,industrie_btp,EMII,1
1,1,1,0,0,0,0,,0,0,0,0,0,0,1,1,0,0,,0,0,0,0,atelier,15.01,industrie_btp,GCA,0
0,1,0,0,0,0,0,1,1,0,0,1,1,0,0,1,0,0,0,1,1,0,1,atelier,13.71,industrie_btp,EMII,0
,0,0,0,0,0,0,0,1,1,1,0,0,1,1,0,0,0,0,,0,0,0,mixte,12.31,tourisme_environnement,TEH,0
0,0,0,1,0,0,0,0,0,1,0,0,1,0,1,0,1,1,1,0,,1,0,laboratoire,12.24,biotechnologies,IAA,0
,0,1,0,0,0,0,,1,1,0,0,0,1,0,0,0,0,0,1,0,0,0,terrain,15.37,tourisme_environnement,TEH,0
1,0,0,1,1,0,0,0,0,0,0,0,1,0,1,0,0,,0,0,0,1,0,laboratoire,15.48,biotechnologies,PIP,0
0,0,0,0,0,0,0,0,0,0,,0,0,1,0,0,0,0,,1,0,1,0,bureau,14.52,gestion_finance,CAA,0
0,0,,1,1,0,0,0,0,0,0,0,1,0,,0,0,0,0,0,0,0,0,bureau,13.53,biotechnologies,AEE,0
1,0,0,0,,0,1,1,,0,1,0,0,1,0,0,,0,0,1,0,0,0,mixte,9.27,tourisme_environnement,TEH,0
0,,,0,0,0,1,0,1,0,0,0,1,1,1,0,0,0,0,0,,0,0,bureau,10.83,biotechnologies,IAA,0
0,0,0,1,1,0,0,,0,,0,1,0,,,0,0,1,0,0,0,0,0,laboratoire,9.39,industrie_btp,ICMP,0
1,1,0,0,0,0,0,1,,0,0,0,0,,0,1,0,0,0,0,0,0,1,atelier,9.25,industrie_btp,GCA,1
1,0,0,0,0,1,0,0,0,0,0,1,1,0,1,0,0,0,1,0,1,0,,laboratoire,10.84,informatique,ESIIA,0
1,0,0,0,0,1,0,,1,0,0,0,0,1,1,0,0,0,0,0,0,1,0,bureau,16.38,gestion_finance,EMP,1
0,0,0,1,1,0,0,0,0,0,0,0,0,,0,1,0,0,0,1,0,1,0,laboratoire,13.43,biotechnologies,IAA,0
1,0,0,0,1,0,0,0,0,0,0,0,0,1,0,1,1,1,0,1,0,1,1,laboratoire,15.24,biotechnologies,IAA,1
0,0,0,0,0,0,1,0,1,0,,,1,1,0,0,,,1,0,0,0,0,mixte,13.56,gestion_finance,FIC,1
0,1,0,0,0,0,0,0,1,0,1,0,0,0,1,1,0,0,0,0,0,,1,bureau,7.21,industrie_btp,GCA,0
1,0,0,1,1,0,0,0,0,0,0,0,1,0,0,0,0,0,0,0,1,1,1,laboratoire,11.89,biotechnologies,PIP,0
0,0,1,0,1,0,,0,0,0,0,1,0,0,0,0,0,0,1,0,0,0,0,bureau,12.28,informatique,IGGLIA,0
1,0,0,1,1,0,0,0,0,0,0,0,0,1,0,0,0,0,1,1,0,1,0,bureau,13.48,biotechnologies,AEE,0
0,1,,0,,0,0,1,0,0,0,0,1,0,0,1,1,0,,1,0,0,1,laboratoire,12.51,industrie_btp,ICMP,0
0,0,0,0,0,0,1,,0,0,,0,0,1,0,1,0,0,0,0,0,0,0,terrain,13.76,tourisme_environnement,TEH,0
,1,0,0,0,1,0,,0,0,0,1,0,1,0,0,0,0,1,0,1,,0,mixte,14.08,gestion_finance,FIC,0
0,0,1,1,1,1,0,,1,1,,0,0,0,1,0,0,1,0,1,0,1,1,laboratoire,12.32,biotechnologies,AEE,0
0,0,1,0,0,1,0,0,0,0,0,0,0,1,,,,0,,0,,0,0,bureau,11.45,gestion_finance,DTJA,0
1,0,0,0,0,1,1,1,0,0,0,1,0,1,1,0,0,0,0,1,0,1,0,terrain,15.71,tourisme_environnement,TEH,1
1,0,0,1,1,0,0,1,0,0,0,0,0,1,0,1,1,0,0,1,0,1,1,terrain,10.55,biotechnologies,AEE,0
1,1,0,0,0,1,1,0,1,0,0,1,1,,1,0,0,0,1,1,1,0,0,bureau,12.73,gestion_finance,FIC,0
0,1,0,0,0,0,0,1,0,0,0,0,0,1,,1,1,0,0,0,0,0,0,terrain,13.07,industrie_btp,GCA,0
0,0,0,0,0,0,0,0,0,1,0,0,,1,0,0,,1,0,1,0,0,0,terrain,12.44,tourisme_environnement,TEH,0
1,1,1,,0,0,0,0,0,0,0,1,0,1,1,,0,,1,0,1,0,1,bureau,14.26,informatique,IGGLIA,0
0,0,0,,0,1,,,0,0,0,0,0,1,1,0,0,0,1,0,1,0,0,bureau,9.35,gestion_finance,EMP,0
1,1,1,0,0,0,0,1,0,0,0,1,0,1,0,0,1,1,0,0,0,0,0,mixte,14.36,informatique,ISAIA,0
0,0,0,0,0,0,0,0,0,1,0,0,1,0,0,0,1,1,0,0,1,0,0,terrain,12.49,tourisme_environnement,TEH,0
1,0,0,1,0,0,1,0,1,1,0,0,,1,0,1,0,1,0,1,1,0,0,bureau,13.86,tourisme_environnement,TEH,1
0,0,0,0,,0,0,1,0,1,0,0,0,1,1,0,1,0,0,1,0,0,0,terrain,13.46,tourisme_environnement,TEH,0
1,0,1,0,0,0,0,0,1,0,0,1,0,0,,0,0,0,0,0,,0,0,mixte,13.36,informatique,IMTICIA,0
0,0,0,1,0,1,0,0,1,1,1,0,0,0,0,,,0,0,1,0,0,0,terrain,14.13,tourisme_environnement,TEH,0
1,0,1,0,0,1,0,0,1,1,0,1,1,0,1,0,0,0,0,0,1,,0,atelier,14.67,gestion_finance,FIC,0
0,1,0,0,0,1,0,1,0,0,0,0,0,0,0,0,,0,0,1,0,0,0,bureau,9.69,industrie_btp,GCA,0
1,0,0,1,1,0,,0,0,0,0,0,1,0,0,0,0,1,0,0,0,1,0,laboratoire,12.51,biotechnologies,PIP,0
0,1,0,0,0,1,0,1,,0,0,,1,1,0,1,1,1,1,1,0,0,1,mixte,13.43,industrie_btp,ICMP,0
1,0,0,0,0,,0,1,0,,1,0,0,0,0,1,0,0,0,1,0,0,0,bureau,12.33,tourisme_environnement,TEH,0
1,0,0,0,0,1,1,0,1,,0,0,0,0,1,0,,0,,,1,1,0,bureau,9.94,gestion_finance,FIC,0
1,0,0,0,0,0,1,0,1,1,0,0,1,1,1,0,1,0,0,1,1,1,0,terrain,13.62,industrie_btp,ICMP,1
1,0,,0,0,0,0,1,,0,0,0,0,0,1,0,,1,0,1,,0,,laboratoire,12.96,industrie_btp,ICMP,0
1,0,0,0,1,0,0,1,1,0,,0,0,1,1,1,0,0,0,1,0,0,1,atelier,11.45,industrie_btp,GCA,0
0,0,0,0,0,0,0,0,0,0,0,0,1,1,0,,0,,0,1,0,0,,mixte,12.14,tourisme_environnement,TEH,0
1,1,0,0,0,0,0,1,0,0,1,0,1,1,0,1,0,,0,0,0,0,0,atelier,13.37,industrie_btp,GCA,0
1,1,0,0,0,0,0,0,,0,0,0,0,0,1,1,0,0,0,0,0,0,1,bureau,15.09,industrie_btp,EMII,0
0,0,0,0,1,0,0,1,0,0,0,0,0,0,0,1,0,1,0,1,0,0,1,atelier,9.45,biotechnologies,PIP,0
1,,,0,0,0,0,0,0,1,1,0,1,0,0,0,0,0,0,0,0,0,0,bureau,12.69,tourisme_environnement,TEH,0
,0,0,1,1,0,,1,0,0,0,0,0,1,1,0,,0,1,0,0,1,,laboratoire,13.83,biotechnologies,PIP,0
0,0,0,,0,0,0,0,1,1,0,0,0,1,0,0,0,0,0,1,0,0,0,terrain,14.4,tourisme_environnement,TEH,0
0,0,1,0,0,0,0,0,1,0,0,,0,0,0,0,0,1,0,0,1,1,0,bureau,14.04,informatique,IGGLIA,0
1,1,1,0,0,0,0,,0,0,0,1,1,1,1,0,,1,0,0,0,0,0,laboratoire,11.14,informatique,IMTICIA,0
0,0,0,0,0,0,0,0,0,1,,0,0,1,0,0,0,0,0,0,0,0,1,terrain,11.22,tourisme_environnement,TEH,0
1,1,1,0,0,0,0,0,0,1,0,1,0,0,0,0,0,0,1,0,0,,0,terrain,14.86,informatique,ISAIA,0
1,0,1,0,0,0,0,0,0,,0,1,1,0,1,0,,0,0,0,0,,0,mixte,14.71,informatique,ISAIA,0
0,0,0,0,0,1,1,1,1,0,0,0,0,0,1,0,1,1,1,0,1,0,0,mixte,16.7,gestion_finance,DTJA,0
1,0,0,0,0,1,1,1,0,0,1,0,1,1,1,0,0,0,1,0,1,0,0,mixte,12.97,gestion_finance,FIC,0
1,1,0,0,1,0,0,1,0,0,0,0,0,0,0,1,0,1,0,1,0,0,1,terrain,14.39,industrie_btp,EMII,0
0,0,0,1,0,1,0,0,0,0,0,,0,0,1,0,0,0,0,1,0,1,1,laboratoire,13.19,biotechnologies,PIP,0
1,,0,0,0,0,,1,0,0,0,1,0,1,1,1,0,,,1,0,0,1,bureau,9.84,industrie_btp,ICMP,0
0,0,,1,0,,1,1,0,0,0,0,,0,0,1,0,0,0,0,0,0,0,laboratoire,11.9,biotechnologies,IAA,1
0,0,0,1,1,0,0,0,0,0,0,0,,0,0,1,0,1,0,0,0,1,0,laboratoire,13.97,biotechnologies,AEE,0
,0,0,0,0,,0,0,1,1,1,0,0,1,0,0,1,0,0,1,0,0,0,terrain,14.25,tourisme_environnement,TEH,0
0,0,,0,0,1,0,0,0,1,0,0,0,,0,0,0,1,1,1,0,0,0,bureau,10.51,tourisme_environnement,TEH,0
1,0,0,1,1,0,0,0,0,0,0,1,0,0,0,0,0,1,0,0,0,1,0,terrain,10.3,biotechnologies,AEE,0
0,0,0,0,0,0,0,0,0,0,0,0,0,0,0,0,0,0,1,0,,0,0,bureau,11.18,gestion_finance,FIC,0
1,0,0,,0,0,0,0,0,0,1,0,1,0,,,1,1,1,0,0,1,,mixte,11.05,biotechnologies,IAA,0
1,0,,0,0,1,0,0,1,0,0,1,0,1,1,0,0,1,,0,0,0,0,bureau,10.36,informatique,IGGLIA,0
0,1,0,0,,0,0,1,,0,0,0,0,0,0,0,0,0,,1,0,,0,atelier,10.61,industrie_btp,ICMP,0
0,1,1,0,0,0,0,1,0,0,0,0,1,0,0,1,0,0,0,,,,1,terrain,15.86,industrie_btp,ICMP,0
1,0,1,0,0,0,0,1,0,0,0,0,,0,0,,0,,1,1,0,0,0,terrain,9.26,industrie_btp,ICMP,0
0,1,0,0,,0,0,0,0,0,0,0,0,1,0,1,0,0,0,1,0,0,,terrain,10.36,industrie_btp,ICMP,0
1,1,0,0,0,0,0,,0,0,,0,1,0,0,1,,0,0,1,0,0,0,atelier,10.46,industrie_btp,GCA,0
0,0,1,1,0,0,,0,1,0,0,1,0,0,0,0,1,0,0,0,,0,0,bureau,12.29,informatique,ISAIA,0
1,0,0,0,0,1,0,0,0,1,0,0,1,0,1,0,,0,1,0,1,0,0,bureau,11.27,gestion_finance,CAA,0
0,0,0,0,1,0,0,0,0,0,0,0,1,0,0,0,0,,0,0,0,,0,bureau,15.4,tourisme_environnement,TEH,0
0,1,0,,0,1,,0,0,0,0,1,1,1,1,0,1,0,1,1,0,0,0,terrain,16.75,gestion_finance,EMP,0
1,1,0,1,0,0,1,0,0,0,0,1,0,0,0,,0,0,0,1,,,1,laboratoire,10.67,biotechnologies,PIP,0
0,0,,0,,0,,0,0,1,0,0,0,,1,1,,0,1,1,0,0,,terrain,10.94,tourisme_environnement,TEH,0
0,1,1,,0,0,0,0,0,0,0,1,1,0,0,,0,1,0,1,0,0,1,laboratoire,14.73,informatique,IGGLIA,0
1,,1,1,1,,0,0,0,0,0,1,0,0,0,0,1,0,0,0,1,0,0,atelier,13.63,informatique,ISAIA,0
0,0,,0,0,1,0,0,0,1,1,0,0,0,0,0,1,1,1,1,0,0,0,bureau,10.98,tourisme_environnement,TEH,0
0,1,0,0,0,0,1,0,,1,1,1,1,0,1,,0,0,0,0,1,0,0,terrain,11.33,biotechnologies,IAA,1
1,0,0,0,0,1,0,,1,0,0,0,0,0,0,1,0,0,0,1,0,0,0,atelier,11.78,industrie_btp,ICMP,0
0,0,0,0,0,1,1,0,1,,0,0,0,,0,0,,0,,1,0,0,0,terrain,9.91,informatique,IMTICIA,0
0,0,0,0,0,1,0,0,0,1,0,,1,0,1,0,0,0,1,1,0,0,0,terrain,11.73,tourisme_environnement,TEH,0
0,1,0,0,1,0,0,1,0,0,0,0,0,0,0,1,0,0,0,1,,0,1,atelier,12.82,industrie_btp,ICMP,0
1,0,1,0,0,0,0,0,1,0,1,1,1,0,1,0,0,1,1,0,1,0,,mixte,13.72,informatique,IGGLIA,0
0,1,1,1,1,0,1,0,,0,0,0,1,0,0,0,0,0,0,0,0,1,0,laboratoire,13.52,biotechnologies,PIP,0
1,0,0,0,0,1,1,1,0,0,0,0,0,0,1,0,1,0,0,0,1,0,,bureau,14.05,gestion_finance,CAA,0
0,1,0,0,0,0,,1,0,0,0,0,1,0,0,1,1,,0,1,0,0,1,atelier,9.38,industrie_btp,EMII,0
0,1,0,1,1,,1,0,,0,0,0,1,0,0,0,0,0,0,1,0,1,1,laboratoire,14.98,biotechnologies,PIP,0
0,0,1,0,1,0,,1,0,0,0,0,0,0,0,0,1,0,0,0,0,0,1,terrain,11.23,industrie_btp,GCA,0
1,0,1,0,0,0,,1,,0,,,1,1,,0,1,1,0,0,0,0,0,laboratoire,11.57,informatique,IGGLIA,0
0,0,1,,0,1,0,0,0,0,0,,0,1,0,0,0,1,1,0,1,0,0,mixte,14.91,informatique,IGGLIA,1
0,1,0,0,0,0,0,0,0,0,0,0,1,0,1,1,0,0,0,1,0,0,,terrain,11.01,industrie_btp,GCA,0
1,1,0,0,0,0,0,1,0,0,0,0,0,0,1,1,0,0,0,0,0,0,1,atelier,12.41,industrie_btp,ICMP,0
0,,0,0,0,1,,0,0,0,0,0,1,0,0,0,0,0,,0,0,0,0,bureau,14.85,gestion_finance,EMP,0
0,0,0,0,0,1,0,0,0,0,0,0,1,1,1,0,1,0,0,0,0,0,0,laboratoire,11.37,gestion_finance,DTJA,0
,0,0,0,1,0,0,0,0,0,0,1,0,0,0,0,0,0,0,0,1,1,0,mixte,12.77,biotechnologies,PIP,0
1,0,0,1,0,0,0,1,0,0,0,0,0,0,0,1,0,0,0,0,0,0,0,atelier,13.61,industrie_btp,ICMP,1
0,0,0,1,0,0,0,0,0,0,0,0,1,0,0,0,0,0,1,1,,1,0,mixte,10.99,tourisme_environnement,TEH,0
0,1,0,0,0,0,0,1,0,0,0,,0,0,0,0,0,1,0,0,0,0,0,bureau,11.36,industrie_btp,EMII,0
0,0,0,0,0,0,0,0,0,1,0,0,0,0,,0,1,0,1,1,0,1,0,terrain,16.25,tourisme_environnement,TEH,0
0,0,0,1,,0,,0,0,0,0,0,1,1,1,0,0,0,,0,1,0,0,bureau,12.86,gestion_finance,EMP,1
0,0,,1,1,1,0,,0,0,0,1,,1,0,,0,,,0,0,0,0,laboratoire,13.54,biotechnologies,AEE,0
1,,0,0,0,1,0,0,0,0,0,0,0,0,0,0,1,1,0,,0,,1,atelier,12.86,industrie_btp,EMII,0
,0,0,0,0,0,0,1,1,0,0,0,0,0,0,1,0,1,,0,0,0,1,bureau,8.57,industrie_btp,EMII,0
1,0,,1,1,0,0,0,0,0,0,0,1,0,1,0,0,1,1,0,0,0,0,bureau,12.38,biotechnologies,PIP,0
1,1,0,1,0,0,0,0,0,1,0,0,0,0,0,0,0,0,0,0,0,1,0,laboratoire,12.57,biotechnologies,IAA,0
0,0,0,1,1,0,1,,0,0,0,0,0,0,0,0,0,0,1,1,0,1,0,laboratoire,13.32,biotechnologies,AEE,0
1,0,0,0,0,0,0,1,,0,1,0,0,,0,1,0,0,0,0,0,0,1,laboratoire,16.59,industrie_btp,EMII,0
0,0,0,0,0,1,1,0,0,1,,0,0,0,0,0,0,0,1,1,0,,0,atelier,13.17,tourisme_environnement,TEH,0
0,0,0,0,0,1,1,0,1,1,0,0,0,0,1,0,0,0,1,1,0,0,0,mixte,11.86,tourisme_environnement,TEH,0
0,0,,0,0,0,0,,1,1,0,0,0,,1,0,0,0,1,0,0,0,0,mixte,11.38,tourisme_environnement,TEH,0
1,0,1,0,0,0,0,0,1,0,0,1,1,,0,0,0,1,1,0,1,0,0,bureau,17.14,informatique,IMTICIA,0
1,0,1,0,0,0,0,0,1,0,0,0,0,0,0,0,0,0,,,0,0,0,mixte,7.91,informatique,ESIIA,0
0,0,0,0,0,1,0,0,1,1,0,0,1,0,1,0,1,0,0,0,,0,0,bureau,14.24,gestion_finance,EMP,0
0,1,0,0,0,0,0,1,0,0,0,0,0,0,0,0,0,1,0,1,0,0,,laboratoire,12.32,industrie_btp,EMII,0
0,0,0,0,,1,1,0,1,0,0,0,0,1,1,0,1,0,0,1,1,0,0,bureau,10.37,gestion_finance,FIC,0
0,0,0,0,0,0,0,0,0,0,,1,1,1,1,1,0,,,0,1,0,0,bureau,9.21,gestion_finance,EMP,0
1,0,0,0,0,1,0,0,0,0,,0,0,1,0,,,,1,0,1,0,,bureau,17.16,gestion_finance,DTJA,1
0,0,0,0,0,0,0,1,0,0,0,1,0,0,1,1,0,0,0,0,0,0,1,atelier,11.35,gestion_finance,DTJA,0
1,1,1,0,1,0,0,0,0,0,0,1,1,0,1,0,0,1,1,0,1,0,1,bureau,13.09,informatique,IMTICIA,0
0,0,,0,0,1,0,0,0,,0,0,,0,0,1,0,0,,1,0,0,0,terrain,16.39,tourisme_environnement,TEH,1
1,0,0,0,0,1,1,0,0,0,0,0,1,0,0,0,0,0,0,0,,,0,mixte,9.72,gestion_finance,DTJA,0
1,1,,0,0,0,0,1,0,0,0,0,0,0,0,1,1,,0,1,,0,1,terrain,15.73,industrie_btp,GCA,0
0,0,0,1,0,1,1,0,0,0,0,0,0,1,0,0,0,0,1,1,1,1,0,bureau,13.89,gestion_finance,CAA,1
0,0,0,0,0,0,0,0,0,,1,1,0,0,0,0,0,1,0,1,0,0,0,laboratoire,14.97,informatique,IGGLIA,0
1,0,0,0,1,0,0,1,0,0,0,1,1,1,1,0,0,0,,0,0,1,0,atelier,13.05,industrie_btp,ICMP,1
1,0,0,0,1,0,0,0,0,0,,0,0,1,1,0,0,0,0,0,1,0,0,bureau,13.9,gestion_finance,DTJA,0
,0,0,0,0,0,0,0,0,1,0,0,0,0,0,0,0,1,0,0,0,0,0,laboratoire,10.81,biotechnologies,IAA,1
1,1,1,0,0,0,0,0,0,0,,1,0,0,0,0,0,1,1,0,0,0,0,bureau,14.47,informatique,ESIIA,0
1,0,,1,1,0,0,0,1,0,,0,1,0,0,0,1,0,0,0,0,0,0,atelier,14.82,industrie_btp,EMII,1
1,1,1,0,0,0,0,1,1,0,0,,1,0,0,1,0,1,,1,0,0,1,atelier,12.17,industrie_btp,GCA,0
1,0,0,0,0,1,0,0,0,0,0,1,0,1,0,1,1,1,1,0,0,0,1,atelier,10.45,informatique,IMTICIA,0
1,0,1,0,0,1,0,0,1,0,0,1,1,0,,0,0,0,0,,0,0,0,mixte,13.74,informatique,ESIIA,0
0,0,1,1,0,0,0,0,0,0,0,1,1,0,,1,0,1,1,1,0,0,0,laboratoire,10.27,biotechnologies,AEE,0
0,0,1,0,0,0,,0,0,0,1,1,1,0,0,0,0,,0,0,1,0,0,mixte,11.41,informatique,IMTICIA,0
0,0,0,0,0,0,1,1,0,1,0,0,0,1,0,0,1,0,0,1,1,0,0,bureau,13.04,tourisme_environnement,TEH,0
0,0,0,0,0,,1,,0,0,0,0,0,1,0,0,1,0,0,1,0,0,0,terrain,10.61,tourisme_environnement,TEH,0
1,1,1,0,0,0,0,0,1,0,0,0,1,0,0,0,1,1,1,0,0,0,0,laboratoire,12.19,informatique,IMTICIA,0
0,0,0,0,0,1,0,,0,1,0,0,,1,1,0,0,0,0,1,0,0,0,laboratoire,12.17,tourisme_environnement,TEH,0
0,1,1,1,1,0,0,0,0,0,0,,0,0,0,0,1,1,0,0,0,1,0,laboratoire,15.7,biotechnologies,AEE,0
0,0,0,,1,0,0,0,0,0,0,0,,0,,1,0,1,0,0,0,1,,mixte,12.97,biotechnologies,IAA,0
0,0,0,0,0,0,0,,0,1,0,0,0,1,1,0,0,0,1,0,0,0,,bureau,10.95,gestion_finance,DTJA,1
1,0,0,0,,0,0,0,0,,,0,1,1,,0,0,,0,0,0,0,0,bureau,14.62,tourisme_environnement,TEH,0
0,1,0,0,0,0,,1,0,0,0,0,1,,0,1,0,,0,1,0,0,0,mixte,8.58,industrie_btp,GCA,0
1,,0,0,0,0,0,0,0,,0,0,0,1,0,1,0,1,0,0,0,,1,laboratoire,15.27,industrie_btp,EMII,1
0,0,0,0,0,0,0,0,0,1,0,0,0,1,0,1,0,0,0,1,0,0,0,terrain,15.34,tourisme_environnement,TEH,0
0,1,0,1,1,0,0,0,0,0,0,1,1,,0,1,0,1,1,0,0,1,1,bureau,14.73,biotechnologies,IAA,0
,0,,0,0,0,,0,0,1,0,0,,0,0,,0,0,1,1,0,0,0,atelier,12.35,tourisme_environnement,TEH,0
0,,0,0,0,0,1,1,0,,1,0,0,1,0,0,0,0,1,0,0,0,0,terrain,12.05,tourisme_environnement,TEH,0
1,0,0,0,0,1,0,0,0,0,,0,0,1,0,,0,0,0,0,1,0,0,bureau,9.2,gestion_finance,CAA,0
,0,0,1,,0,0,0,1,,0,0,0,1,,1,0,,1,1,0,0,0,bureau,17.35,tourisme_environnement,TEH,0
0,1,0,,1,,0,0,0,0,0,0,0,1,0,1,0,0,0,0,0,0,0,atelier,10.0,industrie_btp,EMII,0
1,0,1,1,0,0,0,0,0,0,0,1,1,0,0,0,0,0,1,0,0,0,0,mixte,13.62,informatique,IMTICIA,0
1,0,0,1,1,0,0,0,0,0,0,0,,0,1,0,0,0,0,1,0,1,0,laboratoire,13.73,biotechnologies,PIP,0
0,1,0,0,0,1,0,,0,,0,0,0,0,1,1,0,0,0,0,0,0,0,atelier,11.08,industrie_btp,ICMP,0
0,0,0,0,0,1,0,0,1,1,0,0,0,1,,0,,1,0,1,0,0,0,mixte,10.1,tourisme_environnement,TEH,0
0,0,0,0,,1,1,0,0,0,0,0,,1,1,,0,,1,0,1,0,0,terrain,12.71,gestion_finance,DTJA,0
0,0,0,1,0,1,0,1,,1,0,0,1,0,0,0,0,1,1,,0,0,0,bureau,14.96,tourisme_environnement,TEH,0
0,1,,0,0,0,0,0,1,0,0,1,0,0,0,0,1,0,0,1,0,0,1,bureau,9.86,informatique,ISAIA,0
1,0,0,0,0,1,0,0,1,0,0,0,,,0,0,0,0,,0,0,,,bureau,9.59,gestion_finance,FIC,0
0,0,0,0,0,1,0,0,0,1,1,,0,1,,0,0,0,1,1,0,1,0,bureau,10.03,tourisme_environnement,TEH,0
0,1,0,0,0,0,0,1,0,0,1,0,,1,,1,0,0,0,1,0,0,1,terrain,16.5,industrie_btp,ICMP,0
0,0,,1,0,0,0,0,0,0,0,0,1,0,1,0,0,1,0,0,,0,1,laboratoire,10.15,biotechnologies,AEE,0
0,0,0,,0,0,0,0,0,,0,0,0,0,0,1,0,0,0,1,0,0,1,laboratoire,14.58,industrie_btp,ICMP,0
1,1,0,0,0,0,0,,0,0,,0,0,0,0,1,1,1,0,0,0,,1,atelier,7.38,industrie_btp,GCA,0
0,0,0,1,1,0,0,0,0,0,0,0,0,0,0,0,0,0,0,0,0,0,0,laboratoire,12.88,biotechnologies,AEE,0
1,0,0,0,0,1,0,0,,,0,0,1,0,1,0,0,0,1,0,1,0,0,bureau,13.0,gestion_finance,EMP,0
0,0,1,0,0,1,0,0,0,0,,0,1,0,1,0,0,0,1,0,0,0,0,bureau,14.0,gestion_finance,EMP,0
1,0,1,0,0,0,0,0,0,0,0,1,1,0,0,0,0,0,1,1,1,0,0,mixte,17.55,informatique,IGGLIA,0
1,0,1,0,0,1,0,0,0,0,0,,1,1,1,0,0,1,0,1,,0,0,atelier,6.66,gestion_finance,EMP,1
1,1,0,0,,0,0,1,0,0,0,0,1,0,0,1,,0,,0,,0,1,terrain,13.77,industrie_btp,GCA,0
1,0,,1,1,0,0,,0,1,0,,,0,0,1,0,1,0,1,0,1,1,laboratoire,14.61,biotechnologies,IAA,0
0,,0,0,0,0,0,1,0,0,0,0,1,0,1,1,1,1,0,1,0,0,1,atelier,14.28,biotechnologies,AEE,0
0,,0,1,0,0,,0,,1,,0,0,0,1,0,0,0,0,0,0,0,0,terrain,12.6,tourisme_environnement,TEH,0
0,,1,0,0,1,0,0,1,0,0,,1,1,1,0,0,0,0,0,1,0,0,bureau,12.16,gestion_finance,CAA,0
0,1,1,0,0,0,0,0,0,0,0,0,1,1,,0,1,,1,0,,0,0,mixte,14.73,informatique,ISAIA,0
0,1,1,0,0,0,1,1,0,0,0,,,1,0,1,1,0,0,1,0,0,,terrain,13.99,industrie_btp,ICMP,0
0,0,0,0,0,1,0,1,0,1,0,0,0,1,0,,0,0,1,1,0,0,,atelier,13.71,tourisme_environnement,TEH,1
0,1,0,0,0,1,,,0,0,0,0,0,1,0,0,0,0,1,0,1,0,0,bureau,9.4,gestion_finance,EMP,0
0,0,,0,0,1,0,0,0,1,0,0,0,0,0,0,0,0,1,1,0,0,0,terrain,14.12,tourisme_environnement,TEH,0
0,0,0,0,0,0,0,0,0,,0,0,0,1,1,0,0,0,0,0,0,0,0,terrain,13.95,tourisme_environnement,TEH,0
1,0,0,0,0,0,0,1,0,0,0,,0,0,0,1,0,,0,1,0,0,1,bureau,11.41,industrie_btp,EMII,0
,0,0,0,0,1,0,,0,0,0,0,0,0,,0,0,1,1,0,1,0,,bureau,15.52,gestion_finance,FIC,0
0,0,0,1,1,0,0,1,0,0,0,0,0,1,0,0,0,,0,0,0,0,0,laboratoire,15.23,biotechnologies,PIP,0
0,0,0,0,1,0,0,0,0,0,0,0,1,0,0,0,1,0,1,1,0,0,0,laboratoire,10.39,biotechnologies,PIP,0
0,1,1,0,0,1,0,0,1,,0,0,1,1,1,0,0,0,0,0,0,0,,laboratoire,15.77,informatique,IMTICIA,0
1,1,1,0,0,0,0,0,0,0,0,0,0,1,1,1,0,1,0,1,0,0,1,terrain,11.34,industrie_btp,EMII,1
1,0,1,0,0,0,0,,0,0,0,0,1,0,0,0,,0,1,0,0,0,0,bureau,13.71,informatique,ISAIA,0
0,1,0,1,,0,0,,0,0,0,0,1,1,0,0,0,1,0,,0,1,0,laboratoire,17.83,biotechnologies,PIP,0
0,,0,0,1,0,,0,0,0,0,0,0,0,1,1,1,1,,1,0,0,0,atelier,9.96,industrie_btp,EMII,0
0,0,0,0,,0,0,,,0,1,,0,1,0,0,,0,0,1,1,0,0,terrain,13.06,tourisme_environnement,TEH,0
0,1,0,0,0,1,0,0,1,0,1,0,0,1,1,0,0,0,0,0,0,0,0,bureau,11.76,gestion_finance,FIC,0
0,0,0,0,0,0,1,0,1,,0,1,0,0,0,0,0,,1,0,1,,0,bureau,11.78,informatique,IMTICIA,1
1,1,0,0,0,0,0,1,0,0,,,1,0,0,1,0,1,1,0,0,0,1,atelier,11.81,industrie_btp,ICMP,0
0,0,0,1,1,0,0,1,0,0,0,1,0,0,0,1,0,0,,1,,1,,atelier,13.69,tourisme_environnement,TEH,1
0,1,1,0,0,0,0,0,0,0,,,0,0,0,0,0,0,1,0,0,0,0,laboratoire,15.65,informatique,IGGLIA,0
1,0,0,0,0,1,1,0,0,,0,1,1,1,1,0,0,0,1,0,,0,0,mixte,9.77,gestion_finance,CAA,0
0,0,0,1,0,0,0,1,0,0,0,0,0,,0,1,0,0,1,0,0,1,0,laboratoire,14.3,biotechnologies,PIP,0
0,0,0,0,0,1,1,0,0,0,0,0,1,0,1,0,0,0,0,1,1,0,0,bureau,13.27,gestion_finance,FIC,0
,0,0,0,1,,0,0,0,0,0,,0,0,,0,0,0,0,1,0,0,,atelier,10.63,biotechnologies,IAA,1
1,1,0,0,0,0,0,1,,0,1,0,1,0,1,1,0,0,1,0,0,0,1,terrain,11.9,industrie_btp,EMII,0
0,1,0,0,0,0,0,0,1,0,0,0,1,0,0,0,0,1,1,0,,0,1,laboratoire,13.97,industrie_btp,GCA,0
0,0,0,0,0,,0,0,0,1,0,0,0,1,0,0,,0,0,1,0,0,0,bureau,10.81,tourisme_environnement,TEH,0
0,,0,1,0,0,0,0,1,0,0,0,0,0,0,0,0,0,0,1,0,1,0,laboratoire,14.42,biotechnologies,IAA,0
1,0,,1,1,0,0,0,,0,0,0,1,0,0,0,,1,0,0,0,0,0,mixte,14.06,industrie_btp,GCA,1
1,0,0,0,0,0,0,1,0,0,0,1,0,0,0,0,0,1,0,0,0,0,0,bureau,12.84,industrie_btp,ICMP,1
0,0,0,0,0,,0,0,0,0,1,0,1,1,1,,0,1,,0,,0,0,mixte,13.19,gestion_finance,DTJA,1
0,0,0,,0,0,0,0,0,1,1,0,0,0,1,,0,0,0,1,0,0,0,terrain,13.58,tourisme_environnement,TEH,0
0,1,0,0,0,0,0,0,0,0,0,1,1,1,1,0,1,0,1,0,1,0,0,mixte,13.54,industrie_btp,EMII,0
0,0,0,0,0,1,1,,1,0,0,0,0,0,0,0,0,0,1,0,1,0,0,bureau,12.53,gestion_finance,CAA,0
1,1,1,0,0,1,0,1,0,0,,0,0,0,0,0,,0,,1,,0,1,atelier,9.49,industrie_btp,EMII,0
1,1,0,0,0,,0,1,0,0,0,0,0,0,0,1,0,0,0,1,0,0,1,atelier,11.76,industrie_btp,ICMP,0
1,1,1,0,0,1,0,0,1,0,0,,0,0,0,0,1,0,1,0,0,0,0,mixte,13.13,informatique,ISAIA,0
0,0,0,1,0,1,0,1,0,1,1,0,0,0,0,0,0,0,,1,0,0,0,mixte,11.17,tourisme_environnement,TEH,0
0,1,0,0,0,1,1,0,1,,0,0,1,1,0,0,,0,1,0,1,0,0,bureau,10.18,gestion_finance,FIC,0
1,0,0,0,0,1,1,0,0,,0,1,1,0,0,0,0,0,1,0,1,0,0,bureau,13.02,gestion_finance,CAA,0
1,0,1,0,0,,0,1,0,0,,1,,1,1,0,0,1,0,1,,,1,bureau,13.64,informatique,ISAIA,0
1,0,0,0,0,1,0,,1,0,0,0,0,1,1,1,1,0,1,1,1,0,0,bureau,12.49,gestion_finance,FIC,0
1,0,0,0,0,0,1,0,0,1,0,0,0,1,1,0,0,0,1,0,0,0,0,bureau,13.08,tourisme_environnement,TEH,1
0,0,,0,0,,,,1,1,0,,0,1,0,0,0,0,0,1,1,0,0,terrain,10.7,tourisme_environnement,TEH,0
1,,0,1,1,0,,0,0,0,0,0,1,,0,0,1,1,1,0,,1,0,bureau,11.4,biotechnologies,IAA,0
0,1,1,,0,0,0,0,0,0,,1,1,,0,0,1,1,1,0,1,0,0,laboratoire,11.68,informatique,ISAIA,0
1,1,0,0,,0,0,0,,0,0,0,0,0,0,0,0,0,0,0,0,0,0,laboratoire,10.85,industrie_btp,EMII,1
1,0,1,0,0,0,0,0,0,0,0,,0,0,1,0,1,,1,1,0,0,0,mixte,16.91,informatique,ESIIA,0
0,1,0,1,,0,0,0,0,0,0,0,0,1,0,0,0,0,0,1,1,1,0,laboratoire,9.72,biotechnologies,PIP,0
1,0,1,0,0,1,1,0,1,,0,0,1,1,1,0,0,0,1,1,0,0,0,bureau,10.68,tourisme_environnement,TEH,1
,1,0,0,0,0,0,1,0,0,0,0,,1,1,0,,0,0,0,,0,0,mixte,15.83,industrie_btp,GCA,1
1,1,,1,1,0,0,0,0,0,0,0,0,0,0,,1,0,0,,0,1,0,laboratoire,12.15,biotechnologies,AEE,0
0,0,1,0,0,1,0,0,0,0,0,0,0,1,0,0,1,0,1,,0,0,0,bureau,15.27,informatique,IGGLIA,1
0,0,0,1,1,0,0,0,0,,1,0,0,1,1,1,0,0,0,1,0,0,0,bureau,14.42,tourisme_environnement,TEH,0
0,0,1,0,0,1,0,0,,0,0,0,0,1,0,0,0,0,1,0,0,0,1,bureau,15.63,biotechnologies,PIP,0
0,0,0,0,,1,1,0,0,0,0,0,1,,1,0,0,0,0,0,0,,0,bureau,13.72,gestion_finance,EMP,0
0,0,0,1,0,0,0,0,0,0,0,0,0,1,0,0,0,,0,0,0,0,0,terrain,13.26,tourisme_environnement,TEH,0
0,0,0,1,0,0,0,0,0,1,0,0,0,0,1,0,0,1,0,0,0,1,0,terrain,11.53,biotechnologies,AEE,0
0,0,0,0,1,0,,0,0,0,0,0,1,0,0,0,0,0,0,0,0,1,0,atelier,13.44,biotechnologies,IAA,0
1,,1,0,,0,0,0,0,0,1,1,1,0,0,0,0,0,0,0,0,0,1,bureau,13.53,informatique,IGGLIA,0
0,0,0,1,1,0,0,0,1,0,0,,0,0,1,0,1,1,1,0,0,1,0,terrain,10.86,biotechnologies,AEE,0
0,,0,1,1,0,0,0,0,0,0,0,0,,0,0,0,0,0,1,0,1,0,bureau,15.49,biotechnologies,PIP,0
0,,1,0,0,0,1,0,0,1,0,1,0,1,1,0,0,0,0,0,,0,0,bureau,16.56,informatique,ISAIA,0
0,0,0,0,0,0,1,0,0,0,0,0,0,1,0,,1,0,1,1,0,,,mixte,11.34,tourisme_environnement,TEH,0
0,0,0,0,,1,0,0,0,0,0,,,1,1,0,,0,1,0,1,0,0,bureau,13.37,gestion_finance,EMP,0
,0,0,0,0,1,,0,0,0,0,0,1,0,1,1,0,0,0,0,1,1,0,bureau,12.96,gestion_finance,DTJA,0
1,0,1,0,0,0,0,0,0,0,0,1,1,1,0,0,1,0,0,0,0,0,0,bureau,12.62,informatique,ESIIA,0
1,0,,0,0,0,,0,,0,0,1,1,0,0,0,0,0,0,0,1,0,0,bureau,13.64,informatique,ISAIA,0
,0,0,0,,0,0,0,,1,0,0,0,0,0,0,,1,0,0,0,0,0,bureau,13.98,tourisme_environnement,TEH,0
0,0,0,1,0,0,0,,0,0,1,0,1,,1,1,0,0,0,,0,0,0,atelier,14.54,biotechnologies,AEE,1
1,1,1,0,0,1,0,0,0,0,0,1,1,0,0,0,0,0,,0,0,0,0,bureau,14.24,informatique,IMTICIA,0
,0,,1,0,0,0,1,0,0,0,0,0,0,0,1,0,0,0,0,0,1,0,laboratoire,12.19,biotechnologies,AEE,0
0,0,0,0,0,,0,0,0,1,1,0,0,0,0,0,0,0,1,0,0,0,0,mixte,11.76,tourisme_environnement,TEH,0
0,0,0,1,1,0,0,0,1,1,0,0,0,,0,1,,0,0,0,0,,1,laboratoire,11.38,biotechnologies,PIP,0
0,0,1,0,0,,0,0,,,0,0,0,1,,0,0,0,1,0,0,1,0,terrain,11.24,tourisme_environnement,TEH,0
0,0,0,0,0,1,1,0,0,1,0,0,0,1,0,,0,0,0,0,,0,0,terrain,12.42,tourisme_environnement,TEH,0
,0,0,0,0,1,0,0,0,0,0,0,0,0,1,1,0,0,0,0,1,0,0,bureau,14.47,gestion_finance,FIC,0
0,0,0,0,0,0,0,0,0,1,1,0,0,,0,,0,0,0,0,0,,0,terrain,12.84,tourisme_environnement,TEH,0
1,1,1,0,0,0,0,1,1,0,0,1,,0,0,0,0,1,1,0,0,0,,terrain,16.81,industrie_btp,ICMP,0
0,0,0,1,0,,0,0,0,0,0,0,1,1,1,1,0,1,0,0,0,0,1,laboratoire,8.97,biotechnologies,AEE,0
1,0,0,0,0,0,1,0,0,1,,0,1,0,0,0,0,0,1,1,0,0,0,bureau,10.63,tourisme_environnement,TEH,0
0,1,0,0,0,0,0,1,0,0,1,1,0,0,1,0,0,1,0,1,0,0,1,atelier,12.6,tourisme_environnement,TEH,1
,0,0,1,,0,0,0,0,0,0,0,1,1,0,0,0,1,0,0,0,1,0,laboratoire,14.8,biotechnologies,PIP,0
1,1,1,0,,0,0,0,0,0,0,,0,1,0,,1,0,,1,0,0,0,laboratoire,11.53,informatique,ISAIA,0
0,1,0,0,0,1,,0,1,0,0,1,,0,0,1,,0,1,0,0,0,1,atelier,12.12,industrie_btp,EMII,0
0,0,0,0,0,0,0,0,0,0,0,0,0,1,1,0,0,0,0,0,0,1,0,mixte,10.32,tourisme_environnement,TEH,0
1,1,0,0,0,0,0,1,0,0,0,0,0,0,0,1,1,1,,1,0,0,1,terrain,12.09,industrie_btp,GCA,0
0,0,0,1,0,0,0,0,0,1,0,0,0,1,0,0,1,0,0,0,0,0,0,terrain,9.97,tourisme_environnement,TEH,0
1,1,0,1,1,0,0,0,1,0,0,0,0,0,0,0,1,0,0,0,0,1,0,mixte,16.59,biotechnologies,AEE,0
0,0,0,1,1,0,0,0,0,0,0,,0,0,0,0,1,0,0,1,0,1,,laboratoire,9.57,biotechnologies,IAA,0
1,0,1,,0,0,1,0,1,,0,1,0,0,1,0,0,0,1,0,0,0,0,bureau,15.15,informatique,IGGLIA,1
1,1,1,0,0,1,0,0,0,0,0,0,1,1,0,,0,1,0,0,0,0,0,bureau,12.7,informatique,ESIIA,0
0,0,,0,0,1,1,0,0,1,0,0,0,1,0,0,0,0,1,0,1,1,,mixte,14.04,gestion_finance,CAA,1
0,1,1,0,0,0,0,0,0,0,1,1,0,1,0,0,0,,0,0,0,0,0,bureau,12.34,informatique,ISAIA,0
1,1,0,1,0,1,0,0,0,,0,1,0,,0,1,1,0,0,0,1,0,0,bureau,12.07,informatique,IGGLIA,1
1,1,0,,1,0,0,1,0,0,0,,0,0,1,0,0,1,0,0,0,,0,laboratoire,15.31,biotechnologies,AEE,0
0,0,,0,0,1,0,0,0,1,0,0,0,1,1,0,0,0,1,1,,0,0,terrain,12.27,tourisme_environnement,TEH,0
1,1,0,1,1,0,0,1,1,0,0,0,0,0,1,0,0,0,0,,0,0,1,terrain,11.01,industrie_btp,GCA,1
0,0,0,0,0,1,0,0,0,0,0,0,1,0,1,0,1,0,1,0,1,0,0,bureau,9.34,gestion_finance,EMP,0
1,0,0,0,0,1,1,0,0,0,0,0,0,1,,0,1,0,0,0,1,0,1,bureau,11.95,gestion_finance,EMP,0
1,0,0,0,0,0,0,1,0,0,0,0,0,0,1,1,1,0,0,0,0,0,1,atelier,16.98,industrie_btp,GCA,0
,0,0,0,0,0,1,1,0,1,0,0,0,1,1,0,1,0,1,1,0,0,0,terrain,12.39,tourisme_environnement,TEH,0
0,1,,1,1,0,0,0,1,,0,0,1,0,0,0,0,0,0,1,0,,1,laboratoire,12.96,gestion_finance,DTJA,0
1,0,0,0,0,0,1,0,1,1,0,1,0,1,0,0,0,0,1,0,1,0,0,bureau,12.46,informatique,ESIIA,1
1,0,0,0,0,0,0,0,0,1,0,0,1,1,1,0,0,0,0,0,0,0,1,bureau,12.93,gestion_finance,FIC,0
0,0,0,0,0,0,0,,1,1,0,0,0,1,1,0,1,1,0,1,0,,0,bureau,14.84,tourisme_environnement,TEH,0
0,0,1,0,0,0,0,0,0,0,0,0,1,,1,0,,1,1,0,0,0,0,bureau,14.69,informatique,ISAIA,0
1,0,0,1,1,0,0,0,,0,0,0,0,0,1,0,0,1,0,0,0,1,0,laboratoire,15.79,biotechnologies,IAA,0
1,1,1,0,0,0,0,0,0,0,0,1,1,0,1,0,0,1,0,0,0,1,0,bureau,13.71,informatique,IMTICIA,0
1,0,,0,0,0,0,0,0,0,,0,1,0,0,0,1,0,1,1,0,0,0,mixte,11.19,industrie_btp,ICMP,1
1,1,1,0,0,0,0,0,1,0,0,1,1,0,0,0,0,1,1,0,1,0,0,atelier,15.28,informatique,IMTICIA,0
1,,1,,0,0,0,0,1,0,0,1,1,1,1,0,0,0,0,0,1,0,0,bureau,15.79,informatique,IGGLIA,0
0,0,0,,0,1,0,0,0,0,0,0,0,1,0,0,0,0,1,0,0,,0,bureau,13.11,gestion_finance,CAA,0
1,0,1,0,0,0,0,0,0,0,0,,0,0,0,0,0,0,0,0,,0,1,bureau,15.79,informatique,ISAIA,0
0,0,0,1,0,1,0,0,0,0,,0,0,1,1,0,0,0,0,,0,0,0,bureau,9.35,tourisme_environnement,TEH,1
1,0,,,0,1,0,0,0,1,0,0,1,0,0,1,0,0,0,0,,0,1,terrain,13.76,tourisme_environnement,TEH,1
1,0,0,0,0,0,1,0,0,0,0,,0,1,1,0,,0,1,0,1,,0,bureau,16.12,biotechnologies,IAA,0
0,1,0,0,1,0,0,1,0,0,0,0,1,0,0,,0,,0,0,0,0,1,atelier,14.52,industrie_btp,ICMP,0
0,0,,1,1,0,0,,1,0,1,0,0,,0,0,0,1,0,0,0,1,0,laboratoire,14.53,biotechnologies,IAA,0
0,0,0,0,0,0,1,,0,1,,0,,1,1,0,1,0,0,,0,0,1,mixte,14.38,tourisme_environnement,TEH,0
0,0,0,0,0,0,0,0,0,1,0,,1,1,,0,0,0,0,0,0,0,0,mixte,10.36,tourisme_environnement,TEH,0
0,0,0,1,0,0,,0,0,1,0,0,0,1,,1,0,1,0,1,0,1,0,terrain,15.99,tourisme_environnement,TEH,0
0,0,0,1,,0,0,0,,0,0,0,1,0,1,0,0,1,0,0,0,1,0,laboratoire,15.51,biotechnologies,IAA,0
1,1,1,1,1,0,0,0,1,0,1,0,1,1,0,0,0,1,0,0,0,1,1,laboratoire,11.52,biotechnologies,IAA,0
1,0,0,0,0,1,0,0,0,0,0,,1,1,0,0,0,0,1,0,1,0,0,bureau,15.32,gestion_finance,CAA,1
0,0,0,1,1,1,0,0,1,0,0,0,0,0,0,0,1,1,0,0,1,1,0,atelier,9.56,biotechnologies,AEE,0
1,,1,0,0,0,0,0,0,0,0,1,0,0,0,,0,0,1,1,1,0,0,bureau,17.34,informatique,ESIIA,0
0,0,0,0,1,0,0,0,,0,0,0,1,,0,1,1,1,0,0,0,1,1,terrain,11.45,biotechnologies,AEE,0
,1,1,0,,0,,1,0,0,0,1,,1,1,0,0,0,0,0,1,0,0,laboratoire,14.35,informatique,IMTICIA,0
1,,1,0,0,0,0,0,0,0,,0,1,0,0,0,0,1,1,,0,0,0,bureau,9.87,informatique,ESIIA,0
1,1,,0,0,1,0,0,0,0,1,1,1,1,1,0,0,1,0,1,1,0,0,laboratoire,14.04,informatique,IGGLIA,0
0,0,0,0,0,1,0,,0,0,0,,1,0,1,0,1,0,1,0,1,0,0,terrain,10.6,gestion_finance,FIC,0
0,0,0,0,0,0,0,,1,1,0,0,0,1,0,0,0,1,0,1,0,1,0,terrain,11.16,tourisme_environnement,TEH,0
0,1,0,0,0,0,0,0,0,0,0,0,0,0,0,,1,1,0,1,0,0,0,atelier,9.38,industrie_btp,ICMP,0
0,0,,0,0,0,0,0,1,1,1,0,0,1,0,0,0,0,1,1,0,0,0,mixte,12.7,tourisme_environnement,TEH,0
1,0,1,0,0,1,0,0,1,,0,1,1,0,0,0,0,1,0,0,1,0,,mixte,13.55,informatique,ISAIA,1
0,0,0,0,0,0,0,1,0,0,0,0,1,0,0,0,0,1,0,0,0,0,0,atelier,9.43,industrie_btp,ICMP,0
0,,0,1,1,0,,0,0,0,0,0,1,0,0,0,0,1,,0,0,1,1,laboratoire,11.05,biotechnologies,PIP,0
,0,0,0,0,1,1,0,0,0,0,0,0,1,0,0,1,0,0,1,0,1,1,bureau,10.16,gestion_finance,DTJA,0
0,1,1,0,0,0,0,1,0,,0,0,0,1,0,1,0,1,0,,0,0,,atelier,12.32,industrie_btp,GCA,0
0,0,0,0,0,0,0,0,1,1,0,0,0,1,0,,0,1,0,1,0,0,0,terrain,15.0,tourisme_environnement,TEH,0
0,1,0,0,0,,0,0,0,0,0,1,1,0,,0,0,0,0,,0,1,0,bureau,15.47,informatique,IGGLIA,0
0,0,0,0,0,0,1,0,0,0,0,0,0,1,0,1,0,0,0,1,0,0,0,terrain,11.3,tourisme_environnement,TEH,0
0,1,,0,0,1,1,0,1,0,0,0,1,0,0,,0,0,,0,1,0,0,bureau,14.09,gestion_finance,EMP,0
1,0,0,1,1,0,0,1,1,0,0,0,1,0,0,0,0,1,0,1,0,1,0,atelier,14.29,biotechnologies,IAA,0
0,0,0,1,1,0,0,0,1,0,0,0,0,1,0,0,1,0,0,0,0,1,0,laboratoire,12.41,biotechnologies,IAA,0
0,1,0,0,0,1,0,1,0,1,0,0,1,0,0,0,1,0,1,0,1,0,0,terrain,9.95,tourisme_environnement,TEH,1
,0,0,1,1,0,0,1,0,0,0,0,0,0,1,0,0,1,0,0,,1,1,laboratoire,10.3,industrie_btp,EMII,1
1,1,0,0,0,0,0,1,0,0,0,0,0,0,1,1,0,1,0,0,0,0,1,bureau,13.51,industrie_btp,EMII,0
1,0,0,1,0,1,0,0,0,0,0,0,0,1,0,0,0,1,0,,0,1,1,laboratoire,8.76,biotechnologies,AEE,0
1,0,1,0,0,1,1,0,0,0,1,0,1,1,1,,0,0,1,0,1,0,0,bureau,10.14,gestion_finance,EMP,0
1,,0,0,0,1,0,0,,0,0,0,1,0,1,0,0,0,0,0,1,0,1,bureau,13.36,gestion_finance,CAA,1
1,1,0,1,1,0,0,0,1,0,0,0,0,1,1,0,0,0,0,0,0,0,1,atelier,13.17,industrie_btp,ICMP,1
0,0,,,0,0,0,1,1,0,0,0,0,0,0,0,0,,0,0,0,1,0,laboratoire,11.29,biotechnologies,AEE,0
0,0,1,0,0,,1,1,0,0,0,0,1,1,1,,0,,0,0,1,0,0,bureau,14.93,gestion_finance,FIC,1
1,0,0,1,,0,0,0,0,0,0,0,0,0,0,1,,1,,0,0,1,0,laboratoire,13.46,biotechnologies,PIP,0
0,0,0,0,1,0,0,0,0,,,0,1,0,0,0,0,1,0,0,0,0,0,laboratoire,14.37,biotechnologies,PIP,0
0,0,0,0,0,0,0,0,0,1,0,0,0,1,,0,0,1,1,0,0,0,0,terrain,9.89,tourisme_environnement,TEH,0
0,0,0,0,0,1,1,0,0,0,0,0,1,1,1,0,,1,0,,,0,1,bureau,15.54,gestion_finance,CAA,0
1,0,1,0,0,0,0,0,1,0,0,0,,0,1,0,0,0,0,0,1,,0,bureau,12.97,informatique,ISAIA,1
1,0,,0,0,0,0,0,1,0,,1,0,0,1,0,0,1,1,0,0,0,0,bureau,12.95,informatique,ESIIA,0
0,0,0,0,0,0,0,1,0,,0,0,1,0,0,1,1,0,0,1,,0,0,terrain,14.57,industrie_btp,ICMP,0
0,,0,0,0,1,1,0,0,0,0,0,1,1,0,0,1,,0,0,1,0,,terrain,12.48,gestion_finance,EMP,0
1,0,0,1,0,0,0,0,,1,0,0,0,1,0,0,1,0,0,1,0,1,0,terrain,15.93,tourisme_environnement,TEH,0
1,1,1,0,0,0,1,0,1,0,0,1,0,0,0,0,0,1,1,0,0,0,1,mixte,11.81,informatique,ISAIA,0
1,1,0,0,0,0,0,1,0,0,0,0,0,0,0,1,0,0,0,0,0,0,1,mixte,7.75,industrie_btp,ICMP,0
0,0,0,0,0,0,0,1,,0,0,0,1,0,1,,1,,0,0,0,0,1,terrain,14.9,industrie_btp,ICMP,0
0,1,1,0,0,1,0,0,0,0,0,1,,0,0,0,0,0,0,0,1,0,1,bureau,16.39,informatique,IGGLIA,0
1,,0,0,1,1,0,0,0,0,0,0,1,0,1,1,0,0,0,,0,0,1,atelier,12.85,industrie_btp,GCA,0
0,0,0,0,0,0,1,0,,1,0,0,1,1,1,0,1,1,0,0,0,1,0,bureau,13.16,tourisme_environnement,TEH,1
1,0,1,1,1,0,0,1,0,1,0,0,1,1,0,0,0,0,0,0,0,1,0,laboratoire,15.43,biotechnologies,IAA,0
0,,,1,1,0,0,0,0,0,0,1,0,0,0,0,0,1,0,1,0,1,1,laboratoire,12.44,biotechnologies,AEE,0
1,1,1,0,1,1,0,,0,0,0,1,1,1,1,1,0,0,0,0,0,0,0,bureau,14.01,industrie_btp,ICMP,0
1,0,1,0,0,1,0,0,1,0,0,1,0,0,1,1,1,0,1,0,0,0,1,bureau,13.81,informatique,IGGLIA,0
0,0,0,,0,0,0,0,0,0,0,0,0,,0,0,1,0,0,0,0,0,0,terrain,12.52,informatique,ISAIA,1
1,1,0,0,0,1,0,0,1,0,1,,1,0,0,0,1,0,,0,1,0,0,bureau,13.76,industrie_btp,GCA,1
0,0,0,0,0,1,1,0,1,0,1,1,1,,1,0,0,1,1,0,1,0,0,mixte,10.18,gestion_finance,CAA,0
0,1,0,,0,1,0,0,1,0,0,0,1,1,1,0,0,1,0,0,0,0,0,bureau,10.76,gestion_finance,DTJA,0
0,,0,1,1,0,0,0,1,1,0,0,0,1,0,1,,0,0,1,0,0,1,terrain,15.08,tourisme_environnement,TEH,0
0,1,0,0,1,0,0,0,0,0,0,0,1,1,1,0,0,1,0,0,0,0,0,terrain,17.3,biotechnologies,AEE,1
1,1,,1,1,0,0,0,0,0,0,0,0,0,0,0,0,1,0,0,0,0,0,laboratoire,14.65,biotechnologies,IAA,0
0,0,,1,0,1,1,0,0,1,0,0,1,0,0,1,0,1,0,1,0,0,0,terrain,12.07,biotechnologies,AEE,0
1,0,1,0,0,0,0,0,1,0,0,1,0,,0,0,1,1,0,0,0,0,0,bureau,9.88,informatique,IGGLIA,0
1,0,1,0,1,0,0,0,0,0,0,0,0,1,0,,0,0,1,0,1,,0,bureau,11.51,gestion_finance,DTJA,0
1,0,1,0,0,,0,0,0,1,0,0,0,0,0,0,0,0,1,0,0,0,0,bureau,13.1,gestion_finance,EMP,1
1,1,0,1,0,0,0,1,0,0,,0,,0,,1,0,0,0,0,0,1,1,laboratoire,10.83,industrie_btp,ICMP,1
1,1,0,,1,0,0,0,1,0,0,0,0,0,0,1,0,0,0,0,0,0,1,laboratoire,13.11,biotechnologies,PIP,1
0,,0,0,0,1,0,0,1,0,0,1,0,0,0,0,0,0,0,0,1,0,0,atelier,12.6,informatique,IMTICIA,1
1,1,1,0,0,0,0,0,1,0,0,1,,0,0,0,0,,0,0,,0,0,atelier,13.32,informatique,IGGLIA,0
0,,0,0,1,1,0,0,1,1,0,0,0,1,0,0,0,0,0,1,0,0,0,terrain,13.83,informatique,IMTICIA,0
,0,0,0,0,1,1,1,1,0,0,1,1,0,0,,0,,0,0,1,,,mixte,10.28,gestion_finance,CAA,0
1,1,,1,0,0,0,0,0,0,0,1,1,1,0,0,0,0,0,0,0,0,0,mixte,15.09,informatique,IGGLIA,0
,0,0,0,0,0,,0,0,1,0,,1,0,1,0,0,0,1,1,1,0,0,terrain,11.52,tourisme_environnement,TEH,1
0,1,0,0,0,1,,0,1,0,0,0,1,1,1,0,0,0,1,0,1,0,0,bureau,15.22,informatique,ISAIA,1
0,0,0,0,0,0,1,0,0,0,0,0,1,0,1,1,0,1,0,1,0,0,1,terrain,16.53,industrie_btp,EMII,0
0,0,0,0,,1,0,1,1,1,0,0,0,0,,0,0,0,0,0,0,1,,terrain,15.94,tourisme_environnement,TEH,0
1,1,0,0,0,0,0,1,0,0,0,0,1,1,0,1,1,0,1,,0,0,0,terrain,9.2,industrie_btp,GCA,0
1,1,0,0,1,0,0,0,0,0,0,,0,1,1,0,0,1,1,1,0,0,1,atelier,9.62,industrie_btp,EMII,0
1,0,1,0,0,0,0,0,0,0,0,1,1,0,0,0,0,0,0,0,1,0,0,terrain,17.32,informatique,ESIIA,0
1,1,1,0,,0,0,0,0,0,0,1,0,0,0,0,1,0,0,0,0,0,0,mixte,14.72,informatique,IGGLIA,0
1,0,,0,0,,1,0,0,0,,0,1,,1,0,1,1,0,,0,0,0,mixte,12.36,gestion_finance,EMP,0
,1,0,1,0,,0,,0,1,0,0,,1,0,1,0,0,,1,1,0,0,terrain,13.61,tourisme_environnement,TEH,0
0,0,0,1,1,0,0,0,,,0,0,1,0,0,0,,0,0,0,0,0,0,laboratoire,12.27,biotechnologies,PIP,0
1,1,1,0,0,0,0,0,,0,0,1,1,0,1,0,0,0,1,0,1,0,0,bureau,9.64,informatique,IGGLIA,1
0,,0,0,1,0,1,,0,0,0,0,1,0,0,1,0,0,,1,0,,1,atelier,10.72,industrie_btp,GCA,1
,0,0,0,0,1,0,0,1,1,1,0,,0,0,,1,0,0,0,0,0,0,mixte,9.74,tourisme_environnement,TEH,0
0,1,0,0,0,1,1,0,0,,0,0,1,0,0,0,1,0,1,0,,0,0,bureau,8.49,gestion_finance,EMP,0
1,0,1,0,0,0,0,0,1,0,0,1,0,,0,0,0,0,0,0,1,,0,bureau,15.29,informatique,ESIIA,0
0,0,0,1,1,0,0,0,1,0,1,0,1,0,0,0,0,1,0,1,0,0,0,bureau,10.93,biotechnologies,PIP,0
,0,0,0,0,0,0,0,,0,0,0,1,0,1,1,1,0,0,0,0,0,,bureau,10.36,tourisme_environnement,TEH,1
,,0,0,0,0,0,0,,1,0,0,0,0,0,0,0,0,0,1,0,1,0,atelier,12.58,tourisme_environnement,TEH,0
1,1,0,1,1,0,0,0,0,,0,,0,0,1,0,,1,0,0,0,0,0,laboratoire,13.77,biotechnologies,PIP,0
0,0,0,0,0,,0,0,0,0,0,0,,1,1,0,0,0,0,0,1,0,0,laboratoire,15.18,gestion_finance,CAA,0
,0,0,0,0,1,0,0,0,,0,0,1,1,,0,0,0,1,0,0,0,0,bureau,12.84,tourisme_environnement,TEH,1
,0,0,0,0,1,0,0,1,0,0,0,0,0,1,0,0,0,0,0,1,0,0,mixte,10.36,gestion_finance,CAA,0
0,,1,0,1,0,0,,1,1,0,0,,1,1,1,0,0,0,1,0,0,0,terrain,13.93,tourisme_environnement,TEH,0
1,,1,0,0,0,0,0,1,0,0,0,0,1,1,1,0,1,1,,1,0,1,terrain,12.02,gestion_finance,EMP,1
0,0,1,1,1,0,0,0,0,0,0,0,0,0,1,1,0,1,0,1,0,0,0,laboratoire,16.86,biotechnologies,PIP,0
0,0,1,1,0,1,0,,1,1,0,0,1,1,0,,0,1,0,1,0,1,0,terrain,13.48,tourisme_environnement,TEH,0
1,0,1,,0,,,0,1,0,0,1,0,0,,0,1,0,1,0,0,0,0,bureau,10.33,informatique,IMTICIA,0
0,0,0,0,,0,0,1,0,0,0,0,1,0,1,1,0,0,0,0,0,,1,terrain,11.99,industrie_btp,ICMP,0
0,0,0,0,0,0,0,1,,,0,0,0,0,1,0,0,0,0,0,0,0,0,bureau,11.47,industrie_btp,EMII,0
0,0,0,1,0,0,0,1,,1,0,0,0,,0,0,0,0,1,0,0,0,0,terrain,10.0,informatique,ISAIA,0
0,0,0,0,0,0,0,1,0,0,0,,0,,0,0,0,0,0,1,0,0,1,atelier,10.22,industrie_btp,ICMP,0
,,0,0,0,0,0,0,1,0,0,,1,0,0,,1,1,1,0,,0,0,mixte,11.27,informatique,ISAIA,0
1,,0,0,0,0,0,1,0,0,0,0,,1,0,1,0,0,0,1,0,0,1,terrain,12.85,industrie_btp,EMII,0
0,1,,1,1,0,0,1,0,0,,0,,0,0,0,0,0,0,1,0,0,0,laboratoire,12.71,biotechnologies,AEE,0
0,0,0,0,1,0,0,1,0,0,0,0,0,0,0,1,0,0,0,0,0,0,1,atelier,11.24,industrie_btp,EMII,1
0,0,0,1,1,0,0,0,0,1,0,0,1,0,0,0,0,1,0,0,1,1,1,laboratoire,13.53,biotechnologies,IAA,0
1,1,0,0,0,0,0,1,,0,0,0,,1,0,1,0,1,1,0,0,0,1,atelier,12.88,industrie_btp,EMII,0
,0,0,0,0,0,,0,1,1,1,0,1,,0,0,1,0,0,1,0,1,0,terrain,12.69,tourisme_environnement,TEH,0
1,0,0,0,0,1,,0,1,0,0,,0,0,0,,0,0,0,,1,0,1,bureau,11.13,gestion_finance,CAA,0
0,0,0,0,0,1,0,0,,1,0,0,,1,1,0,0,0,0,1,0,0,0,terrain,12.62,industrie_btp,GCA,0
0,0,0,0,0,0,,0,1,1,,0,1,1,0,1,1,0,1,1,0,0,0,terrain,14.2,tourisme_environnement,TEH,0
,0,0,0,0,1,,0,0,1,0,0,0,1,1,0,1,0,0,0,0,0,0,bureau,9.45,tourisme_environnement,TEH,0
0,1,0,1,1,0,0,0,1,0,0,0,1,0,,,0,,1,0,0,1,0,laboratoire,12.77,biotechnologies,AEE,0
1,0,1,0,0,1,0,0,1,0,1,1,0,1,1,0,0,0,1,0,0,0,1,atelier,12.36,informatique,IGGLIA,0
1,0,0,1,0,1,1,0,0,0,0,0,0,0,1,0,0,0,0,0,0,,0,mixte,13.2,gestion_finance,FIC,0
0,0,1,1,0,0,0,0,0,,,1,0,0,,0,0,1,0,,,0,0,atelier,13.61,gestion_finance,CAA,1
0,0,0,1,0,0,0,0,1,1,1,0,0,1,0,0,,0,0,1,0,1,0,terrain,14.29,tourisme_environnement,TEH,0
1,0,0,1,,0,0,0,0,0,0,0,0,0,1,,,0,0,1,1,1,1,laboratoire,14.01,biotechnologies,PIP,0
1,,1,1,0,1,0,0,0,0,0,,1,1,0,0,1,1,0,0,0,0,0,bureau,15.61,informatique,IMTICIA,0
1,0,0,0,0,,1,,0,1,0,0,0,,,0,0,0,1,0,,1,0,bureau,14.52,gestion_finance,EMP,1
1,0,0,0,0,1,,0,1,0,,0,1,0,1,0,0,0,1,0,0,0,1,bureau,12.14,gestion_finance,EMP,1
1,1,1,0,0,0,,0,1,0,0,1,1,0,1,0,0,1,0,0,0,0,0,bureau,15.41,informatique,IMTICIA,0
1,0,0,1,1,0,0,0,0,0,0,0,1,,0,1,1,1,0,0,0,1,0,laboratoire,15.5,biotechnologies,PIP,0
1,0,1,0,0,1,0,0,0,0,,,1,1,0,0,,0,1,,0,0,0,atelier,9.34,gestion_finance,FIC,1
0,0,,0,0,,0,0,1,1,0,0,0,1,1,0,1,0,0,1,0,0,0,terrain,14.27,tourisme_environnement,TEH,0
,0,0,0,0,1,1,0,0,0,0,0,0,0,1,0,0,0,1,0,0,0,0,bureau,12.84,gestion_finance,EMP,0
0,0,1,0,0,1,0,0,1,0,0,1,1,0,0,0,1,1,0,,0,0,0,bureau,10.79,informatique,ESIIA,0
0,0,0,0,0,0,0,0,0,1,0,0,0,0,1,0,0,0,0,1,0,0,0,terrain,12.3,tourisme_environnement,TEH,0
0,0,0,1,,,0,0,0,0,0,0,0,0,0,0,0,1,0,0,,1,0,laboratoire,10.7,biotechnologies,IAA,0
1,0,1,0,0,1,0,0,0,0,0,0,1,0,0,0,0,1,1,0,0,0,0,bureau,14.25,gestion_finance,EMP,0
0,0,0,0,0,1,1,1,0,0,0,0,0,0,0,1,1,0,1,0,1,0,0,mixte,11.31,gestion_finance,EMP,0
0,0,0,0,0,1,0,0,0,,0,0,1,1,0,0,0,0,0,1,0,0,0,bureau,13.31,tourisme_environnement,TEH,1
0,,0,1,0,0,0,1,0,0,,0,1,0,0,1,1,1,0,0,0,0,1,atelier,13.63,biotechnologies,AEE,0
0,0,0,0,,0,0,0,0,1,0,0,1,1,0,1,1,0,1,1,0,,0,terrain,10.2,tourisme_environnement,TEH,0
1,0,1,0,0,1,0,0,0,0,0,1,1,1,1,0,,0,0,0,0,0,0,bureau,11.16,gestion_finance,EMP,0
0,0,0,1,,0,0,1,1,0,0,0,0,0,0,0,0,0,0,1,,1,0,laboratoire,13.71,biotechnologies,AEE,0
,0,1,1,1,0,0,0,1,0,0,,0,0,1,0,0,1,1,0,0,0,0,laboratoire,14.67,biotechnologies,PIP,0
1,1,1,0,0,,0,1,0,0,0,1,1,1,0,0,1,0,1,0,0,0,1,mixte,11.14,informatique,ISAIA,0
1,0,1,0,0,0,0,0,0,0,0,1,1,,1,0,1,1,1,0,0,0,0,bureau,11.98,biotechnologies,PIP,0
0,0,0,1,0,0,0,0,1,1,0,0,1,0,0,1,0,0,0,0,0,0,0,bureau,8.9,tourisme_environnement,TEH,0
1,0,,0,0,1,0,0,1,1,0,1,1,0,0,0,1,0,,0,0,0,0,bureau,10.3,informatique,IGGLIA,0
0,0,0,1,1,,0,0,1,0,,0,1,1,1,0,0,0,0,0,0,0,0,laboratoire,11.7,biotechnologies,IAA,0
0,0,0,1,,0,0,0,1,0,0,0,0,1,0,0,0,0,0,,0,1,1,laboratoire,10.74,biotechnologies,AEE,0
,0,1,0,0,0,0,0,0,0,0,0,,0,0,0,0,0,0,0,0,0,0,bureau,10.63,biotechnologies,AEE,0
,1,0,0,0,0,0,1,0,0,0,0,0,0,0,1,0,0,1,0,0,0,0,terrain,14.05,industrie_btp,ICMP,0
1,1,0,0,0,,0,1,0,0,0,0,0,0,0,1,,0,1,0,0,0,1,bureau,13.25,industrie_btp,GCA,0
,0,1,0,0,0,0,0,0,0,0,1,0,0,0,0,0,1,1,0,0,1,0,bureau,14.29,informatique,IMTICIA,0
0,0,0,0,1,1,0,0,0,0,1,0,1,1,0,0,0,,0,1,1,0,0,bureau,10.8,gestion_finance,FIC,0
0,0,1,0,0,1,1,0,0,0,0,1,0,0,1,0,1,0,1,0,1,0,0,bureau,11.85,informatique,IMTICIA,1
0,0,0,,1,0,0,0,0,0,0,0,0,0,0,0,0,1,0,0,0,1,0,laboratoire,13.36,biotechnologies,AEE,0
,,0,0,,0,0,1,1,0,0,0,0,0,1,1,0,0,0,1,0,0,1,mixte,13.6,industrie_btp,GCA,0
0,0,1,0,0,1,0,0,0,,,0,1,1,,0,1,,1,0,0,0,0,mixte,12.51,gestion_finance,EMP,0
